epoch,lr_backbone,lr_main,solver_strength,train_total,train_count,train_flat_dm16,train_allocation,train_dm16,train_dm32,train_dm64,train_cell,train_region_nb,region_mu_mean,region_dispersion_mean,region_dispersion_p10,region_dispersion_p50,region_dispersion_p90,region_weight_mean,region_weight_std,region_weight_min,region_weight_max,solver_weight_mean,solver_weight_std,weight_clip_low_fraction,weight_clip_high_fraction,solver_energy_before,solver_energy_after,solver_energy_reduction,weight_mean_32,weight_mean_64,weight_mean_128,val_mae,val_rmse,val_nae,val_bias,val_game0,val_game1,val_game2,val_game3,val_mae_sparse,val_mae_moderate,val_mae_dense,pearson_rate_var_error,spearman_rate_var_error,spearman_weight_error,spearman_pred_weight_error,spearman_rate_var_error_32,spearman_rate_var_error_64,spearman_rate_var_error_128,mean_std_residual,coverage_50,coverage_80,coverage_95,calib_gap_50,calib_gap_80,calib_gap_95,dispersion_sat_low_fraction,dispersion_sat_high_fraction,solver_help_fraction,solver_harm_fraction,energy_monotonic_fraction,mae_reg_y0,mae_reg_y1,mae_reg_y2
1,2.0000000000000003e-06,2e-05,0.0,22.408270036852038,18.51260673677599,2.6592460161930807,2.6592460161930807,3.7588357023290686,2.0265923384073616,0.8592521951005265,0.24579911296432083,5.874835536286637,2.1546209631739437,49.960181983741556,49.9067497253418,50.00431823730469,50.00431823730469,0.9999999545293651,0.0029989468118000475,0.9539662599563599,1.021529197692871,0.9999999545293651,0.0029989468118000475,0.0,0.0,0.030214582645409816,0.030214582645409816,0.0,0.9999999903343819,0.9999999855015729,1.000000009665618,,,,,,,,,,,,,,,,,,,,,,,,,,,,,,,,,
2,4.000000000000001e-06,4e-05,0.0,22.232962505237477,18.33869776854644,2.6575658128068254,2.6575658128068254,3.7586948678300187,2.0236766757191837,0.8555768051662961,0.24656324773221402,5.8752909351039575,2.1555563436972127,49.686413326778926,49.518367767333984,49.71218490600586,49.9067497253418,0.9999999597145256,0.0030971621552754107,0.9628036618232727,1.0214731693267822,0.9999999597145256,0.0030971621552754107,0.0,0.0,0.026504690179953706,0.026504690179953706,0.0,0.9999999903343819,0.9999999935562546,0.9999999967781273,,,,,,,,,,,,,,,,,,,,,,,,,,,,,,,,,
3,6e-06,6e-05,0.0,23.106943774867702,19.16989195024645,2.661247582048983,2.661247582048983,3.7606186351260624,2.0297298946896114,0.860096322523581,0.24772424633438522,6.069366409971908,2.1576824574857145,49.20540175566802,48.845970153808594,49.22907257080078,49.518367767333984,0.9999999571627894,0.0035001287566708865,0.9685951471328735,1.0270739793777466,0.9999999571627894,0.0035001287566708865,0.0,0.0,0.023312772951416066,0.023312772951416066,0.0,0.999999995167191,0.9999999887234455,1.0,,,,,,,,,,,,,,,,,,,,,,,,,,,,,,,,,
4,8.000000000000001e-06,8e-05,0.0,22.36287949536298,18.47284327326594,2.693070650100708,2.693070650100708,3.796170067142796,2.060760436831294,0.8837874870042544,0.2455576400499086,5.677879404377293,2.1683243545326025,48.21403091018264,47.52843475341797,48.27689743041992,48.845970153808594,0.999999960692827,0.004898031411319097,0.9623059034347534,1.0396473407745361,0.999999960692827,0.004898031411319097,0.0,0.0,0.02676241391816655,0.02676241391816655,0.0,0.9999999919453183,0.9999999838906366,0.9999999967781273,,,,,,,,,,,,,,,,,,,,,,,,,,,,,,,,,
5,1e-05,0.0001,0.0,21.13082470764985,17.29796803964151,2.628003674584466,2.628003674584466,3.719548225402832,2.0028026845004105,0.8369437955521248,0.24739599107085047,5.715020289292207,2.1938485648180985,45.97821323291676,44.128658294677734,46.24643325805664,47.52843475341797,0.9999999577349327,0.014001462455120258,0.8512829542160034,1.0724256038665771,0.9999999577349327,0.014001462455120258,0.0,0.0,0.023145154269563185,0.023145154269563185,0.0,0.9999999919453183,0.999999995167191,0.9999999967781273,299.890597479684,393.5828086321987,1.1164702564480222,98.54192849043962,299.89059711786007,389.8037557637672,459.29513286386253,507.1666669247159,348.03441674368725,273.92395812042,365.3838527513587,0.07865092042779881,0.3290196076630427,-0.307529651165394,-0.307529651165394,0.3955770503624168,0.14204557813311597,0.022215076238772245,1.315836152710021,0.7334274773336533,0.7822059267862538,0.8452366921598333,0.23342747733365332,-0.017794073213746264,-0.10476330784016663,0.0,0.0,0.34615384615384615,0.6538461538461539,1.0,2.3009623164659017,2.312853319959326,2.313571892596863
6,1e-05,0.0001,0.05,20.709622718192435,17.00553646603146,2.638058752626986,2.638058752626986,3.725500499879992,2.0129143031867773,0.8571708878955325,0.24563303549547452,5.023096593650612,2.218981356234164,41.843000772837044,38.11565017700195,42.355308532714844,44.91121292114258,0.9999999549140005,0.04778549158135968,0.5461776852607727,1.2182667255401611,0.9999999549140005,0.04778549158135968,0.0,0.0,0.05076786377341361,0.04471988286319617,0.1191301043748994,0.9999999903343819,0.9999999967781273,0.9999999967781273,,,,,,,,,,,,,,,,,,,,,,,,,,,,,,,,,
7,9.999975077406627e-06,9.999975077406626e-05,0.1,20.102434287200104,16.57767208202465,2.644343356828432,2.644343356828432,3.7213701621906177,2.031307919605358,0.8713294928138321,0.24412442904871864,4.096937675733824,2.230005277169717,35.71681357718803,28.32514762878418,36.79893112182617,41.45503616333008,1.0000008666927216,0.12820852232079766,0.25,1.6012216806411743,1.0000008666927216,0.12820852232079766,3.829740671845935e-05,0.0,0.515959181898349,0.3779770123797494,0.2674284601563384,1.0000008022463,1.0000015271676552,0.9999999967781273,,,,,,,,,,,,,,,,,,,,,,,,,,,,,,,,,
8,9.999900309874961e-06,9.999900309874961e-05,0.15,17.928405503968936,14.592188371194375,2.6173732860668286,2.6173732860668286,3.6914018618093953,2.003964804314278,0.8524143325315939,0.24394907741933256,3.2892826247859643,2.071372918180517,29.549842679822767,19.278383255004883,30.626787185668945,37.59808349609375,1.000807699685445,0.22243936006613058,0.25,2.061866044998169,1.000807699685445,0.22243936006613058,0.010890141153299048,0.0,2.378589655901935,1.4574135574134621,0.3872782748393703,1.000707204277451,1.0011324511991966,1.0012884816607914,,,,,,,,,,,,,,,,,,,,,,,,,,,,,,,,,
9,9.999775698150361e-06,9.999775698150361e-05,0.2,15.532659247114852,12.287395657719793,2.6132211234118485,2.6132211234118485,3.6890353834306873,1.9978675874503884,0.8467156258789269,0.2411005726537189,2.858836863491986,2.2359461429956795,24.28809372154442,12.569208145141602,24.850818634033203,34.367431640625,1.0048898373757487,0.3004467486083703,0.25,2.563640594482422,1.0048898373757487,0.3004467486083703,0.042080643396432874,0.0,6.207833090343991,3.185100606969885,0.48692231884839693,1.0044985429660693,1.0060983219662227,1.007015991855312,,,,,,,,,,,,,,,,,,,,,,,,,,,,,,,,,
10,9.999601243475088e-06,9.999601243475088e-05,0.25,14.141288087174699,10.948967830554858,2.608019119984395,2.608019119984395,3.673113423424798,2.0049926429181486,0.8498229867703205,0.2396849526746853,2.6218995435817822,2.2091978047345138,19.483356939779746,8.895512580871582,19.278383255004883,29.91731834411621,1.0077829546568522,0.32718884208895416,0.25,2.651118278503418,1.0077829546568522,0.32718884208895416,0.05808075281759492,0.0,8.633170978443042,3.7006310256751807,0.5713474185886477,1.007231854103707,1.0093461822819065,1.0114142572557605,203.20335945716272,291.86121211071713,0.5619091363034118,94.33523546994387,203.2033580969481,233.80478495624598,271.34610321710824,316.8739016827273,102.12406812395368,158.96610727236254,342.64163274350375,0.4431631284950193,0.5917729734959748,-0.37635608848654184,-0.37635608848654184,0.6042941552815494,0.5677432772012793,0.5972478262724246,0.9160204639245999,0.7834380846053131,0.9029081067412962,0.9596130810159837,0.28343808460531306,0.10290810674129613,0.009613081015983793,0.0011678713241517933,0.0,0.5384615384615384,0.46153846153846156,1.0,1.934958429454447,1.6050849769796645,1.6386873492827783
11,9.999376947588288e-06,9.999376947588288e-05,0.3,13.425060787716427,10.2463786279833,2.6109873861879915,2.6109873861879915,3.679552020253362,2.0042356607076286,0.8497032893670572,0.23735967359027346,2.541775307139835,2.2474945203678027,15.51383098396095,6.662430763244629,14.81014633178711,25.34095573425293,1.009782412031545,0.34566845662590934,0.25,2.740682601928711,1.009782412031545,0.34566845662590934,0.06704508151876573,0.0,10.140050140587059,3.5979625759898006,0.6451730981498385,1.0091537366042267,1.0115650988913871,1.0139275885917045,,,,,,,,,,,,,,,,,,,,,,,,,,,,,,,,,
12,9.999102812725971e-06,9.999102812725972e-05,0.35,12.793001149151776,9.641138282982078,2.6090507378449312,2.6090507378449312,3.672851040556624,2.004856148281613,0.8558417139826594,0.23487930483109243,2.420462015512827,2.3964640772020496,12.325845125559214,4.705952167510986,11.311062812805176,21.506589889526367,1.012258934848225,0.3714581852015657,0.25,3.1162362098693848,1.012258934848225,0.3714581852015657,0.07945344129554656,0.0,11.876816130973197,3.4979080863901086,0.7054843614806819,1.0115251380044061,1.0143109270044275,1.0172291188626676,,,,,,,,,,,,,,,,,,,,,,,,,,,,,,,,,
13,9.998778841621001e-06,9.998778841621002e-05,0.4,12.181953404400799,9.101836320516226,2.5399725694914124,2.5399725694914124,3.6006787532084696,1.927320435240462,0.8071852100862039,0.23252241796738393,2.4100694785246977,2.6707634378123926,9.882794895687619,3.3895702362060547,8.638681411743164,18.4315242767334,1.0150157833265023,0.40232878331692323,0.25,3.584066390991211,1.0150157833265023,0.40232878331692323,0.09424444687602582,0.0,16.07863879848171,3.7805051594167143,0.7648740539047557,1.0141893657478127,1.0172287032410905,1.0210633084580705,,,,,,,,,,,,,,,,,,,,,,,,,,,,,,,,,
14,9.998405037503059e-06,9.998405037503059e-05,0.45,12.37108140378385,9.271158218383789,2.575241156526514,2.575241156526514,3.634896220387639,1.9692488232174434,0.8350918615186537,0.23475305534697868,2.3299697218714535,2.4089403442434363,7.763820815730739,2.5548365116119385,6.623507499694824,14.868111610412598,1.014038187416625,0.3983002655438918,0.25,3.306682586669922,1.014038187416625,0.3983002655438918,0.08819619214356056,0.0,13.073227714847874,2.5009035903054313,0.808700372635211,1.0133101617967761,1.0159921195055988,1.019345405939463,,,,,,,,,,,,,,,,,,,,,,,,,,,,,,,,,
15,9.997981404098609e-06,9.997981404098608e-05,0.5,11.247311192589837,8.186675058828818,2.55578334267075,2.55578334267075,3.615609111012639,1.9436452936481785,0.8244258841952762,0.23007480196050695,2.236670548851426,2.5759275217314026,6.429927207328178,1.950271725654602,5.285880088806152,12.643072128295898,1.016158537064304,0.4250916547496024,0.25,3.331766366958618,1.016158537064304,0.4250916547496024,0.10052795710690447,0.0,15.172581505131078,2.356141341699136,0.8447105826452582,1.0154047850016001,1.0181128076604895,1.0219685354748287,187.3213029379373,275.28967596705655,0.4663419271909403,86.60385471385914,187.32130704107928,212.06680505190977,246.80241393392146,288.6115932349874,56.23093523297991,134.48949444201565,355.42860445768935,0.5820001501797903,0.6642001134769532,-0.4747045594065815,-0.4747045594065815,0.674076168097397,0.5686919670884283,0.5934142692332929,0.8139067740629735,0.8179642181369345,0.9353535007210801,0.9732889613659594,0.31796421813693454,0.1353535007210801,0.023288961365959482,0.01233229260641022,0.0,0.5439560439560439,0.45604395604395603,1.0,1.8112699042309772,1.5094851017980786,1.5582512451724693
16,9.99750794563087e-06,9.99750794563087e-05,0.55,11.804993397480732,8.73187967248865,2.57450651478123,2.57450651478123,3.6267842279898153,1.9739512462873716,0.8446448928601032,0.23020249444085197,2.2052825238253617,2.428907797143266,5.371336936950684,1.522957682609558,4.30579137802124,10.772031784057617,1.0152880949119154,0.43329849561823375,0.25,4.0,1.0152880949119154,0.43329849561823375,0.09807145201882043,1.3677645256592625e-05,13.505077568260399,1.672295233687839,0.8761728523782741,1.0146081447601318,1.017079472541809,1.0203989808623855,,,,,,,,,,,,,,,,,,,,,,,,,,,,,,,,,
17,9.996984666819766e-06,9.996984666819766e-05,0.6,11.718056330809722,8.64247652002283,2.5810481019922205,2.5810481019922205,3.640346655974517,1.9760363456365224,0.8403192130295006,0.23123930153009054,2.1836086737143026,2.3430530058371053,4.463608709541527,1.1923227310180664,3.6258397102355957,8.91290283203125,1.015200939805982,0.4389268052005075,0.25,4.0,1.015200939805982,0.4389268052005075,0.09731371047160521,1.09421162052741e-05,12.131288000055262,1.2937413695696238,0.8933549867447108,1.0145913330284324,1.0168519213392928,1.019576833054826,,,,,,,,,,,,,,,,,,,,,,,,,,,,,,,,,
18,9.996411572881886e-06,9.996411572881886e-05,0.65,11.145940419789907,8.102529306669492,2.5571377406249174,2.5571377406249174,3.60716682511407,1.9561337812526807,0.833570789646458,0.22717877618364385,2.1473939740979993,2.5433016918800972,4.071017561732112,0.9265947401523591,3.1409685611724854,8.554730415344238,1.0167075334198137,0.4566191491780445,0.25,4.0,1.0167075334198137,0.4566191491780445,0.10551756209650946,5.47105810263705e-06,15.49744500340642,1.259721134160016,0.9187142697468439,1.0161121954789032,1.0182886639156856,1.0211246496922262,,,,,,,,,,,,,,,,,,,,,,,,,,,,,,,,,
19,9.995788669530421e-06,9.995788669530421e-05,0.7,10.47011880616884,7.441552716332513,2.5490068293906547,2.5490068293906547,3.602348108549376,1.94677543962324,0.819000696813738,0.2288791778925303,2.1116972678416484,2.373131304173856,3.784394199783738,0.8378804922103882,2.94203519821167,7.942798614501953,1.0153384623016755,0.4548546927839079,0.25,4.0,1.0153384623016755,0.4548546927839079,0.09987143013458803,1.09421162052741e-05,12.643473908707902,0.8822242673989888,0.9302229534565356,1.0148509386423472,1.0165760227151819,1.0192181838525307,,,,,,,,,,,,,,,,,,,,,,,,,,,,,,,,,
20,9.99511596297512e-06,9.99511596297512e-05,0.75,11.184833629711255,8.162393685933706,2.5479089182776375,2.5479089182776375,3.6015230642782674,1.945602993707399,0.8173323466971114,0.22887667369198156,2.0865590797888265,2.47847783243334,3.8166904578337797,0.8049952387809753,3.0354254245758057,7.927299976348877,1.015324443020436,0.47074376108348776,0.25,4.0,1.015324443020436,0.47074376108348776,0.10266987635408688,2.735529051318525e-06,13.218468975376439,0.7563022745622171,0.9427844271548341,1.014916078464405,1.0163711309432983,1.0185282004846108,197.35110006227598,284.1701479837986,0.5097391223652565,123.66471491803179,197.35110111918735,217.4394983417302,246.50246214321277,283.79228089621125,54.6707763671875,145.4793024876321,364.52988599694294,0.5830578387281897,0.7106322857555251,-0.5667671904886804,-0.5667671904886804,0.7129551504684205,0.6296038197730222,0.6688979555742526,0.7291566136796361,0.8415037896888748,0.9499872498451767,0.9818819228519203,0.34150378968887485,0.14998724984517664,0.031881922851920375,0.05735641075641633,0.0,0.5164835164835165,0.4835164835164835,1.0,1.7579548637290576,1.4859379218829858,1.5454086453377545
21,9.994393459922219e-06,9.994393459922218e-05,0.8,11.463286838015994,8.43730909759934,2.548592051944217,2.548592051944217,3.5989858395344503,1.9496207462774742,0.8210645028062769,0.23018277053897446,2.099200409811896,2.367685810939686,3.664444620544846,0.7164146900177002,2.8879497051239014,7.758803367614746,1.0147179913315858,0.4747350297655723,0.25,4.0,1.0147179913315858,0.4747350297655723,0.10000547105810263,1.641317430791115e-05,11.647387530352619,0.5811201954210127,0.9501072498955978,1.0143677866136707,1.015574065414635,1.0176564068407625,,,,,,,,,,,,,,,,,,,,,,,,,,,,,,,,,
22,9.993621167574379e-06,9.993621167574379e-05,0.85,11.477369050721865,8.474915684880438,2.518672749802873,2.518672749802873,3.5646200308928617,1.9183042790438678,0.804357064736856,0.22891115497898412,2.1327641429127873,2.4570481712753707,3.513040420171377,0.6279265880584717,2.7854628562927246,7.3818440437316895,1.0152418163595354,0.4875569695787888,0.25,4.0,1.0152418163595354,0.4875569695787888,0.10337564284932706,5.47105810263705e-06,11.93670874672967,0.5157953476583635,0.9567891486168935,1.0148875101192578,1.016111199920242,1.0181995050327197,,,,,,,,,,,,,,,,,,,,,,,,,,,,,,,,,
23,9.99279909363061e-06,9.99279909363061e-05,0.9,11.41628190633413,8.442344807289743,2.4960952932770186,2.4960952932770186,3.5322941122828304,1.8977676146739237,0.803089794274923,0.22839069527548714,2.103720813184171,2.39755071176065,3.368561892896085,0.5365698337554932,2.577390193939209,7.317248821258545,1.015296719264105,0.4922858337561093,0.25,3.8756022453308105,1.015296719264105,0.4922858337561093,0.10554491738702265,0.0,10.692507885597848,0.41243510431534536,0.961427654884326,1.0149984327522483,1.0160018141205247,1.0179102388588157,,,,,,,,,,,,,,,,,,,,,,,,,,,,,,,,,
24,9.991927246286197e-06,9.991927246286197e-05,0.95,11.238721151609678,8.224756923881737,2.539706816544404,2.539706816544404,3.580114351736533,1.9461981541401632,0.8289508900126895,0.22893156473701065,2.08512273994652,2.319274390065992,3.371318159876643,0.4998939335346222,2.6052262783050537,7.295843124389648,1.0139400768767877,0.49411725285812785,0.25,4.0,1.0139400768767877,0.49411725285812785,0.0997784221468432,2.4619761461866725e-05,9.902244632308548,0.35557584504823425,0.9640913895534272,1.0137225776105314,1.014460731197048,1.0158160119443327,,,,,,,,,,,,,,,,,,,,,,,,,,,,,,,,,
25,9.991005634232623e-06,9.991005634232621e-05,1.0,11.249050862080342,8.254958835808006,2.526510522172258,2.526510522172258,3.561254037393106,1.9369557338791925,0.8239838666207081,0.22805630556634954,2.0528373138324634,2.422454982190519,3.4553646396946265,0.4998939335346222,2.6735265254974365,7.520090103149414,1.0145362137934548,0.5067880515736545,0.25,4.0,1.0145362137934548,0.5067880515736545,0.10359174964438123,0.0001313053944632892,10.052667708010286,0.32256159065542994,0.9679128366693746,1.0143109721106451,1.0150237437841054,1.016715916427406,171.1596331334376,248.23567445778244,0.45246580762057803,81.60303015237326,171.15963444058264,191.45543407002242,217.97223495918928,253.1862957602022,51.231920514787944,126.47518086987873,314.72024901016897,0.4600257980959482,0.719652990825887,-0.5976615058782346,-0.5976615058782346,0.7194896906397736,0.6559661174338146,0.679469162284286,0.7071912518732968,0.8477588656433686,0.9525522809919835,0.9833305118705012,0.34775886564336855,0.15255228099198348,0.03333051187050129,0.11374209543973034,0.0,0.5604395604395604,0.43956043956043955,1.0,1.7290612829255534,1.3741053508205727,1.4082788289575787
26,9.990034266657468e-06,9.990034266657467e-05,1.0,10.905147397840345,7.935465864233069,2.5019079027949154,2.5019079027949154,3.5401636587606893,1.908388395567198,0.7965475981299942,0.2297875160301054,2.051633377332945,2.3335296753290535,3.672348976135254,0.4998939335346222,2.8487350940704346,8.067879676818848,1.0137692581559345,0.5060804558818762,0.25,4.0,1.0137692581559345,0.5060804558818762,0.10147445015866069,1.641317430791115e-05,8.93503540915412,0.29356966510012344,0.967143984141422,1.0136624123599078,1.0139197497754484,1.0151748560570382,,,,,,,,,,,,,,,,,,,,,,,,,,,,,,,,,
27,9.989013153244333e-06,9.989013153244334e-05,1.0,11.232076580460006,8.259538998474946,2.5002348551879057,2.5002348551879057,3.533545951585512,1.9055308586842306,0.8090130702869313,0.2289292228382987,2.0753515636598743,2.403807395213359,3.8005751532477303,0.4998939335346222,2.976715087890625,8.3077392578125,1.0136291860504456,0.5167964540045586,0.25,4.0,1.0136291860504456,0.5167964540045586,0.10257139730823941,5.744611007768903e-05,9.001294677321976,0.3016592840085158,0.9664871227059679,1.013494330483514,1.013823973165976,1.0153806112908028,,,,,,,,,,,,,,,,,,,,,,,,,,,,,,,,,
28,9.987942304172738e-06,9.987942304172738e-05,1.0,10.685479318773424,7.721410442042995,2.5013290804785653,2.5013290804785653,3.5331272176794104,1.9116212258467804,0.8063953905492216,0.22968671370196986,2.026590692030417,2.2643204895225733,3.670712103714814,0.4998939335346222,2.86547589302063,8.036425590515137,1.0127244566628488,0.5073124310152087,0.25,4.0,1.0127244566628488,0.5073124310152087,0.09632618448407922,3.829740671845935e-05,8.181652739241317,0.2613937311075829,0.9680512312807079,1.0126628328014065,1.012729515900483,1.0139109057349127,,,,,,,,,,,,,,,,,,,,,,,,,,,,,,,,,
29,9.986821730118016e-06,9.986821730118016e-05,1.0,11.51478759662525,8.509081312128016,2.5458460627375423,2.5458460627375423,3.5842265502826587,1.956323952288241,0.8341778452331955,0.22964363243128802,2.012246180225063,2.3365742000373633,3.749234708579811,0.4998939335346222,2.947787046432495,8.194930076599121,1.0130300653719095,0.5152711984755816,0.25,4.0,1.0130300653719095,0.5152711984755816,0.09953769559032717,2.735529051318525e-05,8.470221326157853,0.2681513001789918,0.9683418779919146,1.0130215077786833,1.0128781022252262,1.0138966135076575,,,,,,,,,,,,,,,,,,,,,,,,,,,,,,,,,
30,9.98565144225121e-06,9.98565144225121e-05,1.0,10.895227380701014,7.8875860008033545,2.5512063696577743,2.5512063696577743,3.59121036529541,1.9616416692733765,0.8355433731465727,0.2308117626486598,1.9936600085851308,2.194011127626574,3.679390030938226,0.4998939335346222,2.8992531299591064,7.989474773406982,1.0122090763533378,0.5107445873939056,0.25,4.0,1.0122090763533378,0.5107445873939056,0.09636448189079767,9.027245869351132e-05,7.282257866215062,0.2494602662485999,0.9657441042556412,1.0122495760788788,1.0118855882335354,1.0129013544804342,141.39210824652034,225.38888472066574,0.34848153930153386,7.197510729779254,141.39210960849988,162.19229799809509,189.98113861958308,223.74920901807178,35.84191676548549,93.73692859974942,291.0957933508831,0.38119237383245835,0.7199400690369684,-0.5977652421891745,-0.5977652421891745,0.7257656069747259,0.6428691510782476,0.6545343516052816,0.7293713210854497,0.8436938162820549,0.9469207840380919,0.9809711975073983,0.34369381628205486,0.14692078403809183,0.030971197507398296,0.126138674541048,0.0,0.6208791208791209,0.3791208791208791,1.0,1.7075592161534907,1.2785829500510142,1.2869020255057366
31,9.984431452238968e-06,9.984431452238967e-05,1.0,11.25058462813094,8.284806251525879,2.5012661637486637,2.5012661637486637,3.532089175404729,1.91280485488273,0.8069005640777381,0.2304048944969435,2.0345551323246314,2.2270001398550496,3.853616592046377,0.4998939335346222,3.0473055839538574,8.372897148132324,1.0119094199063494,0.5159040884635155,0.25,4.0,1.0119094199063494,0.5159040884635155,0.09628241601925812,0.00014498303971988182,7.003848320729023,0.23400677619753657,0.9665888286722378,1.0119489979099583,1.011603761363674,1.0125378756909758,,,,,,,,,,,,,,,,,,,,,,,,,,,,,,,,,
32,9.983161772243409e-06,9.983161772243409e-05,1.0,10.843442556020376,7.891090741028657,2.4912785903827563,2.4912785903827563,3.5272285165013493,1.8976418649828113,0.7918586682628941,0.22968630291320183,2.0182586811684273,2.3546785148414404,3.8232283978848844,0.4998939335346222,3.008863687515259,8.372897148132324,1.01294035969769,0.523478550204081,0.25,4.0,1.01294035969769,0.523478550204081,0.10078783236677974,0.00010668563300142248,7.961217583836736,0.2570619490501043,0.967710724353018,1.0129424236916207,1.0127726696633004,1.013671021203737,,,,,,,,,,,,,,,,,,,,,,,,,,,,,,,,,
33,9.981842414922026e-06,9.981842414922026e-05,1.0,11.259414956376359,8.303075635755384,2.489816243584092,2.489816243584092,3.52159647039465,1.899064666516072,0.7964929003973265,0.22954096866620555,2.0456889030095695,2.404892454276214,3.8966858515868315,0.4998939335346222,3.153262138366699,8.405668258666992,1.0128793061399162,0.5315252363526436,0.25,4.0,1.0128793061399162,0.5315252363526436,0.10310482547324652,7.933034248823722e-05,7.905958368971541,0.25951063834332133,0.9671753092753662,1.0129258213816463,1.0125484788740002,1.0134870651605967,,,,,,,,,,,,,,,,,,,,,,,,,,,,,,,,,
34,9.98047339342754e-06,9.98047339342754e-05,1.0,11.401431341429014,8.449754586090913,2.481419012353227,2.481419012353227,3.5040993561615816,1.8965412249436249,0.8020348484451706,0.23099931953726588,2.0625404183929033,2.3046594664857194,3.80609029048198,0.4998939335346222,3.000061511993408,8.3077392578125,1.0126706262661358,0.526734028291104,0.25,4.0,1.0126706262661358,0.526734028291104,0.10083433636065214,0.00016686727213043002,7.412428662583634,0.24938722357556625,0.9663555313747004,1.0127165059785586,1.0123278643633868,1.013346021239822,,,,,,,,,,,,,,,,,,,,,,,,,,,,,,,,,
35,9.979054721407776e-06,9.979054721407777e-05,1.0,10.80500180012471,7.847661276121397,2.4995704470454037,2.4995704470454037,3.533356408815126,1.9090132584442963,0.8009412385321952,0.2290193833209373,2.0025761514096647,2.3392121534089783,3.8755291925894246,0.5008712410926819,3.125669002532959,8.291528701782227,1.0130105163855982,0.5278709905177768,0.25,4.0,1.0130105163855982,0.5278709905177768,0.1047105810263705,0.00024346208556734873,7.553591844197866,0.2467346336390521,0.967335455935632,1.0130345692505707,1.012680736747948,1.0140541663040985,150.98326293190757,230.48898015940986,0.3849052825723208,33.93808186709226,150.98326173988812,169.89645264187592,196.36140272276216,228.80039149995136,37.22240230015346,105.47212151224299,295.9237687484078,0.39283643219799763,0.7276544070901189,-0.6103212885066491,-0.6103212885066491,0.731224602212375,0.6673293111919428,0.6696855912695033,0.7126651172245951,0.8486053044929831,0.9508829750075537,0.9826897898045904,0.3486053044929831,0.15088297500755365,0.032689789804590474,0.11199778854457518,0.0,0.6318681318681318,0.36813186813186816,1.0,1.6891674579499842,1.290532907286843,1.3059775100632027
36,9.97758641300553e-06,9.977586413005531e-05,1.0,10.908643928734032,7.966727089237523,2.48853583271439,2.48853583271439,3.507851806846825,1.909019582980388,0.8095200061798096,0.23064781403219378,1.9785952632491652,2.2473769606770695,4.021262439521584,0.5460851192474365,3.2343504428863525,8.655570983886719,1.012463707753469,0.5213139545979604,0.25,4.0,1.012463707753469,0.5213139545979604,0.09932432432432432,0.00018875150454097822,6.960551700076541,0.2459587205100704,0.9646639043702002,1.0125185702298138,1.0121363594725326,1.012891785518543,,,,,,,,,,,,,,,,,,,,,,,,,,,,,,,,,
37,9.976068482858423e-06,9.976068482858423e-05,1.0,11.532797040166082,8.584898484719766,2.484749620025222,2.484749620025222,3.501394697137781,1.9078573149603766,0.8084753139598949,0.23089825502924016,2.02712099616592,2.270642261247377,3.953624796222996,0.5376188158988953,3.202918767929077,8.488157272338867,1.012685172436554,0.5271590319478668,0.25,4.0,1.012685172436554,0.5271590319478668,0.10049786628733998,0.000109421162052741,7.250268543088758,0.24636154017738393,0.9660203565270385,1.0127981127919377,1.0121347420924418,1.012998571266999,,,,,,,,,,,,,,,,,,,,,,,,,,,,,,,,,
38,9.974500946098757e-06,9.974500946098758e-05,1.0,11.116239779704326,8.155906019984064,2.502671663825576,2.502671663825576,3.5283617457828007,1.9180152867291425,0.8154309206717724,0.22934893901283676,2.0016241041389673,2.281460907008197,3.819234461397738,0.532914400100708,3.080216884613037,8.21095085144043,1.012784410619034,0.5223317255497367,0.25,4.0,1.012784410619034,0.5223317255497367,0.1010176168070905,8.75369296421928e-05,7.406825246037664,0.24492000063528885,0.9669332011354919,1.0128585390142493,1.012302195703661,1.0135459577715076,,,,,,,,,,,,,,,,,,,,,,,,,,,,,,,,,
39,9.972883818353365e-06,9.972883818353364e-05,1.0,11.408192505707612,8.463794360289702,2.4844260119103097,2.4844260119103097,3.5008364819191597,1.9065351808393323,0.810235983616597,0.23054125341209206,2.0116837926813074,2.2804366092424133,3.939112785700205,0.5368318557739258,3.221740961074829,8.356560707092285,1.012443115802292,0.5238145527480693,0.25,4.0,1.012443115802292,0.5238145527480693,0.09952401794507057,0.00017780938833570413,7.050565655167039,0.24399888394652186,0.965393005911844,1.0125199169725985,1.0119619401725564,1.0131475538820833,,,,,,,,,,,,,,,,,,,,,,,,,,,,,,,,,
40,9.97121711574345e-06,9.971217115743451e-05,1.0,10.930248453810409,7.998767595033388,2.472566988017108,2.472566988017108,3.4986057217056685,1.8848603963851929,0.7890299220342893,0.22888098133576884,2.008468131761293,2.375749910199964,3.894973323151872,0.5573997497558594,3.184206485748291,8.25920295715332,1.0132282742083607,0.5369561113430337,0.25,4.0,1.0132282742083607,0.5369561113430337,0.10525768683663421,0.00022157785315680053,7.507812023162842,0.25145580921624155,0.9665074447201849,1.0133209937327616,1.012707839141021,1.0138008304544397,159.2863689464527,236.16762915228685,0.41301563864036406,50.222728226211046,159.28636663599139,176.1154287027808,201.09842111294304,232.347291586817,36.7917229788644,115.35749048040819,301.11871337890625,0.4208299077452359,0.7405817799006336,-0.6210518151764918,-0.6210518151764918,0.7461436327032279,0.6851295835655298,0.6829901814944563,0.7003108734269325,0.8518474867194816,0.9530130008721535,0.9840140915996837,0.35184748671948163,0.15301300087215342,0.034014091599683716,0.10064050777759444,0.0,0.6483516483516484,0.3516483516483517,1.0,1.6779747231976017,1.2976680682910668,1.3192326306969255
41,9.96950085488444e-06,9.96950085488444e-05,1.0,10.856832207860174,7.929128582413132,2.4685158407365955,2.4685158407365955,3.484697013287931,1.8879359831681122,0.7989325233407922,0.2310597654935476,2.007113711254017,2.2589936288627417,4.044129075230779,0.5855777859687805,3.3013648986816406,8.588212966918945,1.0121619881957928,0.5253733504582128,0.25,4.0,1.0121619881957928,0.5253733504582128,0.09899879636721742,0.00016139621402779298,6.729184447108088,0.2225740829835067,0.9669240626805586,1.0122861636651528,1.0115287271705833,1.0126351665806126,,,,,,,,,,,,,,,,,,,,,,,,,,,,,,,,,
42,9.967735052885798e-06,9.967735052885799e-05,1.0,11.127111306061616,8.207118524087441,2.465899222605937,2.465899222605937,3.478293734627801,1.8876289966944102,0.8023181734858332,0.22889930815310092,1.9843439379253902,2.3247818656869836,3.885316816536156,0.5571275949478149,3.171792507171631,8.22700309753418,1.012741168257897,0.5319969064585142,0.25,4.0,1.012741168257897,0.5319969064585142,0.10212550607287449,0.00013677645256592624,7.344408009503339,0.2465787662847622,0.9664263251761476,1.0128768199198954,1.0120188062255446,1.0133990210455817,,,,,,,,,,,,,,,,,,,,,,,,,,,,,,,,,
43,9.965919727350872e-06,9.965919727350872e-05,1.0,10.913869097426131,7.991793181445147,2.4688672793878093,2.4688672793878093,3.4801093178826408,1.8934699296951294,0.8038581287538683,0.23201762663351522,1.9760213542628933,2.2148812042700277,3.906260986585875,0.5350000858306885,3.2091805934906006,8.275350570678711,1.0120065770244355,0.5308978990776622,0.25,4.0,1.0120065770244355,0.5308978990776622,0.097844403107561,0.00012583433636065216,6.479843887122902,0.2204310898039792,0.9659820369682005,1.0121747255325317,1.0112033792444177,1.0123978595475893,,,,,,,,,,,,,,,,,,,,,,,,,,,,,,,,,
44,9.964054896376708e-06,9.964054896376709e-05,1.0,11.355028332890692,8.431386470794678,2.466560202675897,2.466560202675897,3.484090295997826,1.8872321231945142,0.7917269540799631,0.22993219784788183,1.9979937044349876,2.2607964567236,4.028029184083681,0.5813045501708984,3.3337624073028564,8.45506477355957,1.012428900697799,0.539080841949405,0.25,4.0,1.012428900697799,0.539080841949405,0.10259328154064996,0.00035561877667140827,6.737405944514919,0.23172974224026138,0.9656054950304844,1.0125989205128438,1.0116482683130212,1.0126800537109375,,,,,,,,,,,,,,,,,,,,,,,,,,,,,,,,,
45,9.962140578553881e-06,9.96214057855388e-05,1.0,11.281072101077518,8.36242186056601,2.4686063302529826,2.4686063302529826,3.4825819891852303,1.890449536813272,0.8009021797695676,0.22914767748600728,1.9637848686527561,2.352848684465563,3.985585592888497,0.6012231707572937,3.3305084705352783,8.291528701782227,1.0129054826078667,0.5412379911022384,0.25,4.0,1.0129054826078667,0.5412379911022384,0.10380238538133275,0.0003474121895174527,7.073472564284866,0.23712077938221596,0.9664774582459713,1.0130367279052734,1.0121999689050623,1.0135720678277917,164.9774590586568,240.97350205985518,0.4390443644310324,61.11672497843648,164.9774578191175,182.99792693132574,208.23864070763364,238.68576032951083,40.3834958757673,123.13220123172731,301.28606779679006,0.42654125277002847,0.7425768309271864,-0.6299002385741599,-0.6299002385741599,0.747016141222071,0.7000387443756483,0.6961006567307382,0.7048232930873046,0.8524796372527381,0.9535915793263204,0.9842605231634955,0.3524796372527381,0.1535915793263204,0.03426052316349559,0.09164682714004384,0.0,0.6593406593406593,0.34065934065934067,1.0,1.6901748164014503,1.3186847077948707,1.339625732420565
46,9.96017679296629e-06,9.960176792966289e-05,1.0,11.35365408820075,8.433668780971217,2.463751928226368,2.463751928226368,3.478549486881978,1.8850298153387535,0.794841020493894,0.23055911829342712,1.9929678311219086,2.186569632710637,3.9298480265849345,0.6306920647621155,3.3013648986816406,8.099455833435059,1.0118940020754765,0.5268211815897254,0.25,4.0,1.0118940020754765,0.5268211815897254,0.09770489112594376,0.00016139621402779298,5.741136860203099,0.21432181105420395,0.9626690991221863,1.0120883310163342,1.0110077084721745,1.012153670594499,,,,,,,,,,,,,,,,,,,,,,,,,,,,,,,,,
47,9.95816355919099e-06,9.958163559190991e-05,1.0,11.140988401464513,8.211885929107666,2.4809019823332092,2.4809019823332092,3.4918230030987716,1.9108577354534253,0.8086657266359072,0.23079435567598086,1.9525089972728007,2.197748619156915,3.9710684015944198,0.6197025775909424,3.298142194747925,8.25920295715332,1.0116613429853745,0.5300315218380859,0.25,4.0,1.0116613429853745,0.5300315218380859,0.09618120144435933,0.00018054491738702264,5.8165344998643205,0.21071221014937838,0.9637735819921134,1.011819456074689,1.0109196546915415,1.0119675333435472,,,,,,,,,,,,,,,,,,,,,,,,,,,,,,,,,
48,9.956100897297986e-06,9.956100897297985e-05,1.0,10.958042080337936,8.067519368352118,2.4379208474545866,2.4379208474545866,3.4436577912923454,1.8629500608186464,0.7860344873892294,0.2302907725443711,1.9751453496314384,2.277388459927327,4.077495065895286,0.6399987936019897,3.419492721557617,8.438567161560059,1.0125603147992415,0.5386115835693885,0.25,4.0,1.0125603147992415,0.5386115835693885,0.10197505197505198,0.0002544042017726228,6.55552931089659,0.23375343913967545,0.9643425529726286,1.0127884407301206,1.0115849681802698,1.01256614118009,,,,,,,,,,,,,,,,,,,,,,,,,,,,,,,,,
49,9.953988827850028e-06,9.953988827850027e-05,1.0,12.031751503815522,9.118490167566248,2.44968741648906,2.44968741648906,3.4609411278286495,1.8697726726531982,0.7914251757634653,0.22960590551028381,2.0308623539434896,2.2628753604115666,3.9945321663005933,0.6542168259620667,3.369767427444458,8.21095085144043,1.0129900015341935,0.5421221474176117,0.25,4.0,1.0129900015341935,0.5421221474176117,0.1054628515154831,9.300798774482986e-05,6.500845593375129,0.24095869386518323,0.9629342536437507,1.0132645851856954,1.0118459076494783,1.0128595893447463,,,,,,,,,,,,,,,,,,,,,,,,,,,,,,,,,
50,9.951827371902417e-06,9.951827371902416e-05,1.0,11.173932243037868,8.275378137021452,2.4464897561717676,2.4464897561717676,3.448849291414828,1.87490793820974,0.7979634847189929,0.22855189362087766,1.9746322148555033,2.440569855071403,3.921570784336812,0.6207625865936279,3.2692816257476807,8.131155967712402,1.0137963067553102,0.5519896005596917,0.25,4.0,1.0137963067553102,0.5519896005596917,0.10941569099463837,0.0002544042017726228,7.481879440513817,0.26528699333603317,0.9645427334875881,1.013931309854662,1.0130263599189553,1.014685086301855,165.2804589323945,238.17077162118244,0.451114700500207,72.07801060100178,165.28046005297594,181.59671333695292,205.56720214482883,235.86593316985363,49.185267857142854,124.44782907648604,297.4560152136761,0.43164133597543725,0.7550257339289242,-0.6415777507770996,-0.6415777507770996,0.7593925641850677,0.7191400688818912,0.7166992594723822,0.6793704340957203,0.8552803855475388,0.9559808940537136,0.986054116371413,0.3552803855475388,0.15598089405371351,0.03605411637141309,0.08729463143481028,0.0,0.6648351648351648,0.33516483516483514,1.0,1.6738482559775258,1.2982508004694195,1.3230632337240071
51,9.949616551002787e-06,9.949616551002787e-05,1.0,11.07649767076647,8.167790451565304,2.459640490042197,2.459640490042197,3.4705951149399215,1.8834381554577801,0.7965573604042465,0.23070010059588664,1.9569584163459572,2.1050739320548804,3.9564785248524434,0.6294461071491244,3.3500804901123047,8.131155967712402,1.0115857066215879,0.5311746614981636,0.25,4.0,1.0115857066215879,0.5311746614981636,0.09701827333406281,0.0001422475106685633,5.361331894591048,0.21210917327049617,0.9604372239136156,1.0118767184180182,1.0104355296573124,1.0111609310717196,,,,,,,,,,,,,,,,,,,,,,,,,,,,,,,,,
52,9.947356387190893e-06,9.947356387190894e-05,1.0,10.727745571651974,7.829589547337712,2.4480143463289417,2.4480143463289417,3.4610691199431547,1.8691959896603145,0.7836047958683323,0.22964773830529805,1.9636488121909064,2.3712857832779757,4.11170718476579,0.6911594271659851,3.5418472290039062,8.340254783630371,1.0125698888841708,0.5496130199908138,0.25,4.0,1.0125698888841708,0.5496130199908138,0.10415253309990152,0.00041032935769777875,7.164189209809175,0.24582940098401662,0.9656863611799326,1.0127971172332764,1.0115585874866795,1.012758045583158,,,,,,,,,,,,,,,,,,,,,,,,,,,,,,,,,
53,9.945046902998396e-06,9.945046902998396e-05,1.0,10.67439416936926,7.768897778279072,2.4640908241271973,2.4640908241271973,3.4658210986369364,1.8944029002576261,0.8142969882166063,0.22993984899005374,1.919602986928579,2.269142386075613,4.190432400316806,0.7622472047805786,3.611703872680664,8.438567161560059,1.0124093576739088,0.5403568453669947,0.25,4.0,1.0124093576739088,0.5403568453669947,0.10167687930845826,0.0002407265565160302,6.566115707964511,0.2603984493258837,0.9603420864164749,1.0126758459452037,1.0113163348790761,1.012203010352882,,,,,,,,,,,,,,,,,,,,,,,,,,,,,,,,,
54,9.942688121448629e-06,9.942688121448629e-05,1.0,10.480428695678711,7.576606247876142,2.4595957930023604,2.4595957930023604,3.4643844398292334,1.8901085692483026,0.8018550131772015,0.22791345296679316,1.9362410468024176,2.284216919460812,4.36644416886407,0.8128949999809265,3.8184468746185303,8.689447402954102,1.012286111783138,0.5387956966402137,0.25,4.0,1.012286111783138,0.5387956966402137,0.1008698982383193,0.0002954371375424007,6.726933633958971,0.2721201749266805,0.9595476646962948,1.0125894933133512,1.0110248810536153,1.0121285271000218,,,,,,,,,,,,,,,,,,,,,,,,,,,,,,,,,
55,9.940280066056372e-06,9.940280066056371e-05,1.0,10.97432499962884,8.074389238615293,2.448211193084717,2.448211193084717,3.453118975098069,1.8737708813435323,0.7976020316819887,0.22963133212682363,1.9715835597064044,2.192707773801443,4.243279908154462,0.815877377986908,3.69374418258667,8.438567161560059,1.011954879241998,0.5318423529879491,0.25,4.0,1.011954879241998,0.5318423529879491,0.09904803589014115,0.0002981726665937192,6.208222827395877,0.25303630007279887,0.9592417496749327,1.0122546827470935,1.0106763968596588,1.0119469101364549,160.00631701291263,232.88220921519348,0.4259216753777983,66.96915976555793,160.0063152737193,176.39886927754443,200.16030431645262,230.27342580414393,40.05781773158482,119.32727210466251,292.33754066798997,0.4453429956681464,0.7589616019694561,-0.6407486328891258,-0.6407486328891258,0.7663623631638724,0.7151484631144865,0.7112412806278648,0.6900330092454577,0.8559982514073385,0.9555780320189602,0.9856941119999314,0.35599825140733854,0.15557803201896014,0.035694111999931444,0.06887869352699283,0.0,0.6538461538461539,0.34615384615384615,1.0,1.6539718210697174,1.278080641077115,1.3024325857123176
56,9.93782276082762e-06,9.93782276082762e-05,1.0,10.262776890316525,7.400150891896841,2.420042985194438,2.420042985194438,3.419472617072028,1.8487269330669094,0.778442840318422,0.22706504045306025,1.9290840335794397,2.3790851734779976,4.29667008889688,0.8080472946166992,3.7118241786956787,8.588212966918945,1.012896097534278,0.5459901387001362,0.25,4.0,1.012896097534278,0.5459901387001362,0.10641755115439326,0.0003829740671845935,7.554728572433059,0.3020376937614905,0.960020046932776,1.0131915260005642,1.011589246827203,1.0131040682663788,,,,,,,,,,,,,,,,,,,,,,,,,,,,,,,,,
57,9.93531623025934e-06,9.93531623025934e-05,1.0,10.394211485579207,7.5185786840077995,2.4332890349465446,2.4332890349465446,3.436152290653538,1.8626171124948037,0.7821386021536749,0.22934392900080294,1.9250394750285793,2.1754058406159684,4.406482103708628,0.8883875608444214,3.8596863746643066,8.706436157226562,1.0116299995088005,0.528470156502366,0.25,4.0,1.0116299995088005,0.528470156502366,0.09702921545026809,0.0002598752598752599,6.192447417491191,0.25578699844914515,0.9586937149071869,1.0119607641890243,1.0102711013845496,1.0113841714085758,,,,,,,,,,,,,,,,,,,,,,,,,,,,,,,,,
58,9.932760499339229e-06,9.932760499339229e-05,1.0,10.963380066124168,8.050037951082796,2.4676811501786515,2.4676811501786515,3.4704869566736996,1.8955965138770439,0.8187934546857267,0.2271385124406299,1.9443822358105634,2.3677353117917037,4.473662853240967,0.889744222164154,3.9666810035705566,8.757599830627441,1.0121912263014219,0.5424201174213089,0.25,4.0,1.0121912263014219,0.5424201174213089,0.10031458584090162,0.0004021227705438232,7.514014746691729,0.2861624758791279,0.961916167917408,1.012461758948661,1.0109781059058938,1.012456845592808,,,,,,,,,,,,,,,,,,,,,,,,,,,,,,,,,
59,9.930155593545463e-06,9.930155593545464e-05,1.0,11.14304730698869,8.28538533803579,2.4070433571531966,2.4070433571531966,3.402964450217582,1.8342942031654152,0.7763642024349522,0.22865045916389776,1.9672800624692761,2.2720638803533606,4.2470195486738875,0.8196607351303102,3.700965642929077,8.422101974487305,1.0125439645950167,0.5440135224950353,0.25,4.0,1.0125439645950167,0.5440135224950353,0.10393369077579603,0.000541634752161068,6.926931149250752,0.2888037457659438,0.9583071147174341,1.0128758179174888,1.0111346115937103,1.0125081732466414,,,,,,,,,,,,,,,,,,,,,,,,,,,,,,,,,
60,9.927501538846449e-06,9.927501538846448e-05,1.0,10.849897616618389,7.971757579494167,2.431870408960291,2.431870408960291,3.4255116694682353,1.8667774425970542,0.7954066162173813,0.22658547960423134,1.948116589236904,2.3985380514248,4.263111333589296,0.8531554937362671,3.726351737976074,8.405668258666992,1.013205889352208,0.5548267120756778,0.25,4.0,1.013205889352208,0.5548267120756778,0.10733942444468761,0.0005799321588795273,7.841933804589349,0.3306314840510085,0.9578380164523306,1.0133978901682674,1.0122119156089988,1.0140053678203274,168.5349763933119,239.01236197910697,0.46134445174663924,91.6189022902604,168.53497586056073,182.7008466268911,205.4756632356833,235.35564131893017,42.39155142647879,132.0361810432848,290.08603236986244,0.48148376596098197,0.7733847561110518,-0.6494426057925434,-0.6494426057925434,0.7838106687621547,0.7254833343051472,0.7183998631264347,0.6803575204707811,0.855903964548141,0.9563023265282506,0.9865298364337282,0.355903964548141,0.1563023265282506,0.0365298364337282,0.06262576045566268,0.0,0.6428571428571429,0.35714285714285715,1.0,1.6593800223135686,1.28959360571353,1.3243592489551712
61,9.924798361700554e-06,9.924798361700553e-05,1.0,10.975467797872183,8.092422678663924,2.4374012689332702,2.4374012689332702,3.427372133409655,1.8758605879706305,0.8047850486394521,0.22741370829376015,1.9439518967190303,2.383936769253499,4.258271326889863,0.8529471755027771,3.7372848987579346,8.389266967773438,1.0127274853798691,0.5556174191886273,0.25,4.0,1.0127274853798691,0.5556174191886273,0.10492668782142467,0.0006264361527519422,8.11381323917492,0.33935809981178594,0.9581752636142393,1.0129136040404036,1.0117211148545548,1.0136997023144283,,,,,,,,,,,,,,,,,,,,,,,,,,,,,,,,,
62,9.922046089055851e-06,9.922046089055851e-05,1.0,10.57680792421908,7.723812734758532,2.4070958994530343,2.4070958994530343,3.402197638073483,1.8393172090117995,0.7710095209044379,0.22813598569985982,1.9443259271415505,2.2873027517988875,4.294779320020933,0.8931175470352173,3.8147194385528564,8.340254783630371,1.0125328011940404,0.5473403303959006,0.25,4.0,1.0125328011940404,0.5473403303959006,0.1005170149906992,0.0002981726665937192,6.85301635072038,0.331576421051412,0.9516159886271749,1.012793392748446,1.0113461114264823,1.0128718389047158,,,,,,,,,,,,,,,,,,,,,,,,,,,,,,,,,
63,9.919244748349852e-06,9.919244748349852e-05,1.0,11.467841341688827,8.60783645269033,2.4108578385533512,2.4108578385533512,3.40326722892555,1.845119875830573,0.778441216494586,0.22845280049620448,1.9601701272500527,2.3206812916575252,4.352401572304803,0.8703967213630678,3.8710107803344727,8.47159481048584,1.0124854575829167,0.5493875101986989,0.25,4.0,1.0124854575829167,0.5493875101986989,0.1018163912900755,0.00040759382864646025,6.817173004150391,0.3073377093753299,0.9549171321912737,1.0127157939446938,1.0113200400326703,1.01332075209231,,,,,,,,,,,,,,,,,,,,,,,,,,,,,,,,,
64,9.916394367509226e-06,9.916394367509225e-05,1.0,10.619301435109731,7.73342025602186,2.446943714811995,2.446943714811995,3.4449922587420487,1.8803525518726658,0.8017088392296353,0.22787675342044314,1.909841402156933,2.234622755566159,4.369239420504184,0.8968867063522339,3.9013712406158447,8.521378517150879,1.0112360803721634,0.5412531421419737,0.25,4.0,1.0112360803721634,0.5412531421419737,0.09377120035014772,0.0003392056023634971,6.3997469850488615,0.3066872817439002,0.9520782177076085,1.0114829153627962,1.010091456207069,1.0116518349260897,,,,,,,,,,,,,,,,,,,,,,,,,,,,,,,,,
65,9.913494974949525e-06,9.913494974949524e-05,1.0,10.123579514993203,7.265600578205006,2.4160835098575904,2.4160835098575904,3.410063975566142,1.8492227438333873,0.7814232819789165,0.2270999079620516,1.9256024167344377,2.339786039816367,4.459734298087455,0.9509217739105225,4.029147148132324,8.538037300109863,1.011710200030106,0.5432778351575875,0.25,4.0,1.011710200030106,0.5432778351575875,0.09837783127256812,0.0003884451252872305,7.287584111497209,0.3536449014335065,0.9514729578385818,1.0119756911251996,1.0104805263313088,1.0121506839185148,148.49145853650438,217.02497029758175,0.3887531572925358,53.424613680158345,148.49145860428558,162.40377832089632,185.07432282768718,214.8452597582372,33.17102813720703,109.93298904655515,274.17157977560294,0.47418974100376815,0.7744053730365404,-0.6418249982979528,-0.6418249982979528,0.7872435882118062,0.7213912029033498,0.7148368192041514,0.6804271578386267,0.8576911291065678,0.9554644592112904,0.9857969703917834,0.35769112910656775,0.15546445921129037,0.03579697039178342,0.05109276326926827,0.0,0.7197802197802198,0.2802197802197802,1.0,1.6905453781505206,1.2142807664452018,1.2326911560126714
66,9.910546599574903e-06,9.910546599574902e-05,1.0,10.299680129901782,7.457135922199971,2.404944877366762,2.404944877366762,3.3941114850946374,1.8407942894342784,0.7782541118763588,0.22784931595261032,1.9031848456408527,2.243713907293371,4.428632530006203,0.9988651216030121,4.013438701629639,8.438567161560059,1.0120024626010493,0.5378254811011222,0.25,4.0,1.0120024626010493,0.5378254811011222,0.09795382426961374,0.00021337126600284495,6.75510869155059,0.3489672815477526,0.9483402418107281,1.0122833058640763,1.010646781405887,1.0127206686380748,,,,,,,,,,,,,,,,,,,,,,,,,,,,,,,,,
67,9.907549270777823e-06,9.907549270777823e-05,1.0,10.888566635750436,8.062641968598237,2.3754351847880595,2.3754351847880595,3.3612802995217814,1.8116363609159314,0.756520581406516,0.22555762730740211,1.970500810726269,2.461357110255473,4.729427788708661,1.042377233505249,4.276457786560059,9.017966270446777,1.0123460608552348,0.554599192836634,0.25,4.0,1.0123460608552348,0.554599192836634,0.1018163912900755,0.0005443702812123865,8.176620051667497,0.3941788234420725,0.9517919603758908,1.0125628129856006,1.0111938843855988,1.0133868778074109,,,,,,,,,,,,,,,,,,,,,,,,,,,,,,,,,
68,9.904503018438769e-06,9.904503018438769e-05,1.0,9.806800584535342,6.960504093685666,2.4119006620871053,2.4119006620871053,3.4057553329983272,1.8442872053868062,0.7786841199204728,0.22819942195673246,1.8867296753702938,2.198479916598346,4.396978101214847,0.8689105510711671,3.982206106185913,8.47159481048584,1.0109858209661229,0.5317012863780138,0.25,4.0,1.0109858209661229,0.5317012863780138,0.09299978115767589,0.00022157785315680053,6.560317297239561,0.33356991329708613,0.9491533872245105,1.0112799019426912,1.0096572089839626,1.0113199111577627,,,,,,,,,,,,,,,,,,,,,,,,,,,,,,,,,
69,9.901407872925944e-06,9.901407872925942e-05,1.0,11.067359434591758,8.213340243777713,2.4096496234069,2.4096496234069,3.3954145779480807,1.8461325587453068,0.7905127164479848,0.22799743470307943,1.936850728215398,2.2260413524266838,4.506611617835793,0.9468677043914795,4.096595287322998,8.605003356933594,1.0107775482829178,0.532337149862389,0.25,4.0,1.0107775482829178,0.532337149862389,0.0913611992559361,0.0005006018163912901,6.929493143751815,0.34038756304496043,0.950878432811225,1.0110792082709235,1.009405567839339,1.0111622327082865,,,,,,,,,,,,,,,,,,,,,,,,,,,,,,,,,
70,9.898263865094968e-06,9.898263865094968e-05,1.0,9.99602984093331,7.152193056570517,2.4094611857388473,2.4094611857388473,3.3939983007070182,1.8484275566565025,0.7896686437967662,0.2246702389942633,1.8910402542835958,2.382548773610914,4.349745350915033,0.8669081926345825,3.93965744972229,8.389266967773438,1.0119086730352527,0.5476788651579072,0.25,4.0,1.0119086730352527,0.5476788651579072,0.09816719553561659,0.0004787175839807419,8.176989684233794,0.42799061335421895,0.9476591472067727,1.0120881731445726,1.0108636295473254,1.013187998049968,145.4810757794223,218.12950862364232,0.37101445695541624,49.23032267015059,145.48107497382622,160.6968509614392,183.10327179072743,213.06528218648688,30.04475293840681,103.631190795307,280.40910671068275,0.49096921136474714,0.7725254205451548,-0.6430510760659477,-0.6430510760659477,0.7856769341872222,0.716032151874653,0.7118842005898117,0.7004098640808334,0.8561675391772614,0.9530044293394991,0.9844383824660728,0.3561675391772614,0.1530044293394991,0.03443838246607289,0.05996429956649474,0.0,0.7362637362637363,0.26373626373626374,1.0,1.6842163499895033,1.2073969803341142,1.2245754129611528
71,9.895071026288574e-06,9.895071026288574e-05,1.0,10.355463659441149,7.5308945114548145,2.384441298407477,2.384441298407477,3.372929656827772,1.8200221770518534,0.759848882217665,0.22760472950097677,1.9161339289433248,2.188984033223745,4.596390840169546,0.9474139451980591,4.247323989868164,8.689447402954102,1.010770850134246,0.5309466591145944,0.25,4.0,1.010770850134246,0.5309466591145944,0.09205875916402233,0.00020242914979757084,6.282526505960001,0.32709856170254786,0.9479351879546801,1.0111582633611318,1.0090873338080741,1.0109047406428568,,,,,,,,,,,,,,,,,,,,,,,,,,,,,,,,,
72,9.89182938833629e-06,9.89182938833629e-05,1.0,10.785663746498727,7.94883715139853,2.391034026403685,2.391034026403685,3.3685893045889364,1.8353318813684825,0.7806987585248174,0.22445387816106951,1.9483954455401447,2.474475860595703,4.633427684371536,0.9458251237869263,4.1937432289123535,8.930327415466309,1.0121760567840763,0.5494495007709057,0.25,4.0,1.0121760567840763,0.5494495007709057,0.09994528941897363,0.0003911806543385491,8.598654012422305,0.44615239066046636,0.9481136943042574,1.0124188532700409,1.0108898330379177,1.0133215350073737,,,,,,,,,,,,,,,,,,,,,,,,,,,,,,,,,
73,9.888538983554127e-06,9.888538983554128e-05,1.0,10.304701444265005,7.484890538292962,2.38318382404946,2.38318382404946,3.362462314399513,1.8238833401654218,0.773938191903604,0.22561353565873327,1.9011186393531594,2.3546464443206787,4.606265944403571,0.8953498780727387,4.222509860992432,8.826286315917969,1.0114016953910783,0.5409230054641145,0.25,4.0,1.0114016953910783,0.5409230054641145,0.09563136010504432,0.0003036437246963563,7.863501935391812,0.4234096556901932,0.9461550770675691,1.0116332833831374,1.0102403228347365,1.0121936475908435,,,,,,,,,,,,,,,,,,,,,,,,,,,,,,,,,
74,9.885199844744253e-06,9.885199844744253e-05,1.0,10.910873361535975,8.099422274409113,2.3702056504584648,2.3702056504584648,3.3436816834114693,1.8147750867379677,0.7696612010131011,0.226260277467805,1.9234012397559914,2.369966693826624,4.60442353583671,0.8645831942558289,4.247323989868164,8.826286315917969,1.0109216370097767,0.5466361012145264,0.25,4.0,1.0109216370097767,0.5466361012145264,0.09399277820330453,0.0006784112047269942,7.643265640413439,0.41039561903154526,0.9463062467878133,1.0111455724046037,1.0097958558314555,1.0117001114664852,,,,,,,,,,,,,,,,,,,,,,,,,,,,,,,,,
75,9.881812005194667e-06,9.881812005194667e-05,1.0,10.169820141147923,7.35889400018228,2.3738289781518884,2.3738289781518884,3.35273916012532,1.812431979823757,0.768649077093279,0.22761077333141017,1.9009727980639484,2.2480735617714958,4.49138204471485,0.8873037695884705,4.132759094238281,8.571455001831055,1.0104899694738536,0.5306097658736362,0.25,4.0,1.0104899694738536,0.5306097658736362,0.09135846372688478,0.0005252215778531568,7.165270418734164,0.3679152408967147,0.9486529859452657,1.010779334081186,1.009183116861292,1.0108170444900926,137.4211513183929,211.34984569761065,0.3566089515030342,50.241697604839615,137.42115154149064,152.57412190863494,174.02343728304496,204.61774962244476,30.459644862583705,100.10138013381366,258.3555214923361,0.5123035637775897,0.7755034392927099,-0.6396095813225853,-0.6396095813225853,0.7891826668735051,0.7163436697340636,0.711132331928704,0.6798027972746918,0.8594547219501951,0.9547680221831265,0.985353393576922,0.3594547219501951,0.15476802218312646,0.03535339357692202,0.06393291918544725,0.0,0.7472527472527473,0.25274725274725274,1.0,1.6458570043464282,1.1761953912593506,1.1929964776877517
76,9.878375498678869e-06,9.87837549867887e-05,1.0,9.879946515366838,7.0709712312028214,2.374458055238466,2.374458055238466,3.358091618563678,1.8105958442430239,0.7611673748171007,0.22694641190606193,1.8889022582286112,2.2329754539438196,4.750995404011494,0.971120697259903,4.412206649780273,8.947787284851074,1.0100017647286554,0.5249082646962189,0.25,4.0,1.0100017647286554,0.5249082646962189,0.08535671298829194,0.00046230440967283073,7.09368094238075,0.38944651548926895,0.9450995162240037,1.0102594027648102,1.0087704980695569,1.0106037242992505,,,,,,,,,,,,,,,,,,,,,,,,,,,,,,,,,
77,9.87489035945552e-06,9.87489035945552e-05,1.0,10.307132076572728,7.490219103323446,2.378801951537261,2.378801951537261,3.353987648680403,1.8217552996970512,0.7764075422609175,0.22656933560564713,1.9073429333197105,2.339985921576216,4.796389102935791,0.9431732773780823,4.472944259643555,9.053260803222656,1.0104142708384094,0.5447577128130856,0.25,4.0,1.0104142708384094,0.5447577128130856,0.09176332202647992,0.0007057664952401794,7.847023628853463,0.43558077071164103,0.9444909571687776,1.0107133646269102,1.0089909869271356,1.011085075301093,,,,,,,,,,,,,,,,,,,,,,,,,,,,,,,,,
78,9.871356622268102e-06,9.871356622268102e-05,1.0,9.986823391269994,7.187807688841948,2.3655996322631836,2.3655996322631836,3.3315901885161527,1.8149145422755062,0.776650691354597,0.2226489637349103,1.8887694623019244,2.4463611873420508,4.707420903283197,0.9444377541542054,4.356546401977539,8.91290283203125,1.0114578805707328,0.5460565393354188,0.25,4.0,1.0114578805707328,0.5460565393354188,0.09644654776233724,0.0007823613086770982,10.112126543715194,0.5245137391863642,0.9481302239525121,1.0116196645272744,1.0104101413005107,1.01309727978062,,,,,,,,,,,,,,,,,,,,,,,,,,,,,,,,,
79,9.867774322344574e-06,9.867774322344574e-05,1.0,9.637011218715358,6.8270661379839925,2.3829170626562997,2.3829170626562997,3.35283780742336,1.8351178910281207,0.7798139082418906,0.22513323257098328,1.8537237740851737,2.3543476220723747,4.854242904766186,0.9685236215591431,4.565621852874756,9.088693618774414,1.010465223693961,0.5380608976183049,0.25,4.0,1.010465223693961,0.5380608976183049,0.08903326403326403,0.0004595688806215122,8.86262644948186,0.4966529188929377,0.9439609779647236,1.0106405937993848,1.0093996009311161,1.0119204875585195,,,,,,,,,,,,,,,,,,,,,,,,,,,,,,,,,
80,9.86414349539702e-06,9.864143495397019e-05,1.0,10.228482426823797,7.396406856743065,2.399772901792784,2.399772901792784,3.3790259296829634,1.8413087548436344,0.7893364381145787,0.22679963144096169,1.8780140490145296,2.2056937088837496,4.99116089537337,0.9421693086624146,4.701358795166016,9.395532608032227,1.0096854145795886,0.5196982758536169,0.25,4.0,1.0096854145795886,0.5196982758536169,0.08300689353320932,0.0005197505197505198,7.668751407313991,0.4619745020125363,0.9397588371984607,1.0099177521628302,1.0084135177973155,1.0109704152957812,150.85086554223363,227.25041799961852,0.39367906645674317,81.1960203569014,150.85086443184704,165.12530228422202,187.53343971086213,217.98704234712443,35.61189705984933,111.82726908839027,277.8229681927225,0.5249442475700806,0.7855240303196666,-0.6501192512269075,-0.6501192512269075,0.7981323664268876,0.7275193641442401,0.7267277491880426,0.6797438752971038,0.8566775453701938,0.9541658720141601,0.9856083966733882,0.3566775453701938,0.1541658720141601,0.03560839667338822,0.0642586374263116,0.0,0.7197802197802198,0.2802197802197802,1.0,1.6320105437394028,1.2203956153039093,1.2478736648847768
81,9.860464177621286e-06,9.860464177621284e-05,1.0,10.31208055083816,7.516704250026393,2.360484989913734,2.360484989913734,3.3313429871120968,1.8072035828152218,0.7632620302406518,0.22434787210580465,1.8940213660936098,2.397601746224068,5.016100136009422,0.910121500492096,4.742861747741699,9.469223976135254,1.0111045283424487,0.5426910260606578,0.25,4.0,1.0111045283424487,0.5426910260606578,0.09369734106576212,0.0004787175839807419,8.798209828299445,0.5327494752568167,0.9394479688875768,1.0113467429135297,1.0098139917528308,1.0122811987593368,,,,,,,,,,,,,,,,,,,,,,,,,,,,,,,,,
82,9.85673640569663e-06,9.856736405696629e-05,1.0,9.636931844659754,6.813790617762385,2.394593857430123,2.394593857430123,3.3693867309673413,1.8433709692310642,0.7844459140622938,0.22563778830541148,1.8606899332355809,2.3020333019462793,5.024647802919955,0.9131762623786928,4.747495174407959,9.469223976135254,1.0101820719981203,0.5322581361869089,0.25,4.0,1.0101820719981203,0.5322581361869089,0.08699255936098041,0.0006319072108545793,8.181457725731102,0.4965561853872763,0.9393071256940457,1.0103560718330178,1.009101452054204,1.011732565390097,,,,,,,,,,,,,,,,,,,,,,,,,,,,,,,,,
83,9.852960216785348e-06,9.852960216785347e-05,1.0,9.744601133707407,6.947406446611559,2.3693016606408195,2.3693016606408195,3.3384347992974357,1.817603797525973,0.7740154596599372,0.22478306092120506,1.8584863752932161,2.2887754440307617,5.305757019970868,0.9580582976341248,5.063562870025635,9.923660278320312,1.0101259626267984,0.5298456386948256,0.25,4.0,1.0101259626267984,0.5298456386948256,0.08843965422912792,0.0003173213699529489,8.327266770440179,0.4696937050368335,0.9435956937630322,1.0104219108014494,1.0086566048699457,1.0110698068464123,,,,,,,,,,,,,,,,,,,,,,,,,,,,,,,,,
84,9.84913564853241e-06,9.84913564853241e-05,1.0,10.845115146121463,8.049756217647243,2.358402758031278,2.358402758031278,3.323521659180925,1.806578423525836,0.7733418434052854,0.22244367889455846,1.9067275556358132,2.4887345127157263,5.195489999410269,0.9600426375865937,4.90298318862915,9.788908958435059,1.0108852828341568,0.5465055932860952,0.25,4.0,1.0108852828341568,0.5465055932860952,0.09257850968377285,0.000489659700186016,9.154011694160667,0.5734397438732354,0.9373564549585367,1.011056390968529,1.0097850947766691,1.0125824921839945,,,,,,,,,,,,,,,,,,,,,,,,,,,,,,,,,
85,9.845262739065081e-06,9.84526273906508e-05,1.0,10.004759453438425,7.2166166563291805,2.354336380958557,2.354336380958557,3.317717590847531,1.806418389887423,0.7677603444537601,0.22517505207577268,1.8875626615575842,2.2496320331418835,4.880912110612199,0.8069629669189453,4.530091285705566,9.413901329040527,1.0099690871281624,0.5255051836589224,0.25,4.0,1.0099690871281624,0.5255051836589224,0.08441842652368968,0.0005498413393150235,8.359718677159902,0.516691081024505,0.9381927668886528,1.010086430085672,1.0090715562975086,1.011790166030059,141.39273696941333,223.1270494743949,0.33950089639883274,44.99966266129043,141.39273456485964,155.23612247061823,176.41807913298143,207.06389390485313,20.252911158970424,97.62202206692955,282.57536747144616,0.49069682457596986,0.7817702699127486,-0.6490683505384623,-0.6490683505384623,0.7970427600446662,0.7189712297842168,0.7091018955353229,0.7548798409205719,0.8527067828680777,0.9477607942382158,0.9811083420298675,0.35270678286807766,0.14776079423821575,0.031108342029867564,0.08970108922751205,0.0,0.7307692307692307,0.2692307692307692,1.0,1.630785842190732,1.1782336251421288,1.1939490476807395
86,9.841341526992536e-06,9.841341526992536e-05,1.0,9.556049114948994,6.776065078941551,2.3517817999865556,2.3517817999865556,3.324558876656197,1.7949177671123195,0.7551350126395354,0.22457669232342695,1.8602906819936391,2.425886524690164,5.347922866408889,0.8763778209686279,5.15335750579834,10.02104663848877,1.0098824910607564,0.5421650289002498,0.25,4.0,1.0098824910607564,0.5421650289002498,0.087255170149907,0.0004705109968267863,7.800721348942937,0.5445228130430788,0.9301958384762883,1.010133119853767,1.0085539141216793,1.0110687629596606,,,,,,,,,,,,,,,,,,,,,,,,,,,,,,,,,
87,9.83737205140549e-06,9.837372051405489e-05,1.0,10.435225834717622,7.62619619111757,2.3764578393987708,2.3764578393987708,3.335588029913,1.8350833364435144,0.7906940369992643,0.2247069687456698,1.8819762854962736,2.2035656329747795,5.224924487036628,0.9352938532829285,4.970475673675537,9.8080472946167,1.009663457897028,0.5120665912736886,0.25,4.0,1.009663457897028,0.5120665912736886,0.08127256811467337,0.00026808184702921547,7.7980780601501465,0.480883296277072,0.9383331004681155,1.009813922482568,1.0086458277057957,1.011386262403952,,,,,,,,,,,,,,,,,,,,,,,,,,,,,,,,,
88,9.833354351875788e-06,9.833354351875788e-05,1.0,9.98898408219621,7.213377849475758,2.3489707353952767,2.3489707353952767,3.3064212799072266,1.8067053008723903,0.768742514623178,0.2240410487394075,1.8531268351786845,2.3324633546777673,5.180408709758037,0.8164651811122896,4.955935478210449,9.846434593200684,1.0101281341520345,0.5462029547766746,0.25,4.0,1.0101281341520345,0.5462029547766746,0.08752598752598753,0.000656526972316446,7.416000044023669,0.4862595208593317,0.9344310250845813,1.010345198012687,1.0089042573361784,1.0114917916220587,,,,,,,,,,,,,,,,,,,,,,,,,,,,,,,,,
89,9.829288468456028e-06,9.829288468456028e-05,1.0,9.693044314513335,6.908275849110371,2.357816219329834,2.357816219329834,3.315182434545981,1.813690717155869,0.7805889039426237,0.2230358147943342,1.8559659880560797,2.300370090716594,5.425803687121417,0.8623696565628052,5.18364143371582,10.33914852142334,1.0097738150938071,0.5305652610473479,0.25,4.0,1.0097738150938071,0.5305652610473479,0.08459623591202539,0.0006072874493927126,8.22170463123837,0.5251719967739003,0.9361237090933054,1.009914042176427,1.0087854346713505,1.01156333008328,,,,,,,,,,,,,,,,,,,,,,,,,,,,,,,,,
90,9.825174441679156e-06,9.825174441679157e-05,1.0,9.701525224221719,6.929952879209776,2.3452229403160714,2.3452229403160714,3.3039297090994344,1.8038517462240684,0.7605127660003869,0.22391482301660487,1.851854098809732,2.3834526893254875,5.66398861601546,0.9151290774345399,5.480365753173828,10.563681602478027,1.0097038215299166,0.5379129726101831,0.25,4.0,1.0097038215299166,0.5379129726101831,0.08537312616259984,0.0007577415472152314,8.552676929009927,0.5503809162088342,0.9356481110210079,1.0099520779944755,1.008443758294389,1.010621969764297,127.31260615128737,207.88003149899342,0.3045964262878019,31.222488728198375,127.31260698034157,141.50354848391706,162.06359457503217,192.46715968592108,22.484449114118302,86.03014322029527,259.03510218081266,0.491446233800073,0.786084680352712,-0.6476946120984944,-0.6476946120984944,0.8006036434314975,0.7148057421618109,0.7081280101768058,0.7023786102251416,0.8590218595511517,0.9508786892412265,0.9827755051311338,0.35902185955115173,0.1508786892412265,0.03277550513113381,0.07945382193926641,0.0,0.7857142857142857,0.21428571428571427,1.0,1.6268302719671648,1.116891887161758,1.1245919636317663
91,9.821012312558059e-06,9.821012312558058e-05,1.0,9.372860418783652,6.617859775955613,2.3331976581264184,2.3331976581264184,3.2866210099813102,1.7897702262208268,0.7647803490226334,0.2240695470088237,1.8289278713432517,2.3081086680695817,5.665532318321434,0.8671197891235352,5.480365753173828,10.709098815917969,1.0089784840285934,0.5284916055838045,0.25,4.0,1.0089784840285934,0.5284916055838045,0.08177316993106466,0.0007741547215231425,7.780814209499875,0.5298979757605372,0.9318968476186508,1.0091282709224805,1.0080084961813849,1.0104961975200757,,,,,,,,,,,,,,,,,,,,,,,,,,,,,,,,,
92,9.816802122585155e-06,9.816802122585155e-05,1.0,9.308533668518066,6.532181404732369,2.3564808497557768,2.3564808497557768,3.316091453706896,1.8129851109272725,0.7726976960091978,0.22390167133228198,1.8194798617749601,2.3538727405908944,5.786441300366376,0.8843247532844545,5.693116664886475,10.793091773986816,1.0093351165513649,0.5321101504415761,0.25,4.0,1.0093351165513649,0.5321101504415761,0.08305339752708174,0.0005334281650071124,7.855100341745325,0.5415876032532873,0.9310527453895068,1.009539143459217,1.0081547466484275,1.01075503632829,,,,,,,,,,,,,,,,,,,,,,,,,,,,,,,,,
93,9.812543913731985e-06,9.812543913731985e-05,1.0,9.5041855476998,6.750179587183772,2.332312261736071,2.332312261736071,3.2811103060438827,1.7952183517249856,0.7659577936739534,0.22346662146014137,1.8291354179382324,2.324594623333699,6.070088592735496,0.9228188991546631,5.95469331741333,11.377533912658691,1.0099478676864624,0.5227281600295852,0.25,4.0,1.0099478676864624,0.5227281600295852,0.0829603895393369,0.0001860159754896597,8.535529806807235,0.5667723368954014,0.933598458476076,1.0102426135862195,1.0084659537753544,1.0109731377782047,,,,,,,,,,,,,,,,,,,,,,,,,,,,,,,,,
94,9.808237728448795e-06,9.808237728448795e-05,1.0,9.392884550867853,6.6229763675380395,2.3494587009017533,2.3494587009017533,3.3006820936460755,1.8120577335357666,0.7775016523696281,0.22185178624617086,1.8249328072006639,2.360977150298454,6.127240026319349,0.9105103611946106,6.030771732330322,11.422063827514648,1.0095674950226332,0.5220962587077252,0.25,4.0,1.0095674950226332,0.5220962587077252,0.08113852719115877,0.0004841886420833789,8.40719648309656,0.5872354281915201,0.9301508618988255,1.0097768306732178,1.0083904975169413,1.010867579563244,,,,,,,,,,,,,,,,,,,,,,,,,,,,,,,,,
95,9.803883609664105e-06,9.803883609664104e-05,1.0,9.704882157815469,6.948369077734045,2.3332252212472864,2.3332252212472864,3.282051485937995,1.7975938771222089,0.7646064371676058,0.2229693274240236,1.8377275660231307,2.3063949282104903,6.281442178262247,0.8950820565223694,6.228288650512695,11.715789794921875,1.0092263727866595,0.5261408010159514,0.25,4.0,1.0092263727866595,0.5261408010159514,0.08116861801072327,0.0005361636940584309,8.093536879565265,0.5476069522870554,0.9323402165906397,1.009503446720742,1.0078547194197371,1.0100916076350857,125.97602599007743,210.32588489832474,0.2897696049046076,16.825114763700046,125.97602630321906,140.86006388699224,162.14301051067176,193.53091832555938,19.85295649937221,78.9090005150137,274.1174993100374,0.5073184319174706,0.7917044592386885,-0.6500672084825698,-0.6500672084825698,0.8073272690201947,0.7163471253048908,0.7068313689474334,0.7424472594567574,0.8489824519297734,0.9435393144059606,0.9797368968051755,0.3489824519297734,0.14353931440596057,0.02973689680517555,0.07992311335209071,0.0,0.7362637362637363,0.26373626373626374,1.0,1.568175950220653,1.1228534697176336,1.1357281230963194
96,9.799481600784286e-06,9.799481600784286e-05,1.0,9.415486219766978,6.68083060754312,2.313454569997014,2.313454569997014,3.2568271160125732,1.778061541351112,0.7581125127302634,0.2220807880968661,1.8284045683371055,2.417016625404358,6.201397844263025,0.8657448887825012,6.107822895050049,11.624617576599121,1.0108793709357415,0.5381752883166542,0.25,4.0,1.0108793709357415,0.5381752883166542,0.09111773717036875,0.00040759382864646025,8.715217281032253,0.5527650858904865,0.9365747211955895,1.0112324775876225,1.009251542993494,1.0114298382320919,,,,,,,,,,,,,,,,,,,,,,,,,,,,,,,,,
97,9.795031745693131e-06,9.79503174569313e-05,1.0,9.66744243776476,6.919906139373779,2.325681866826238,2.325681866826238,3.2770396632117196,1.7866733686344043,0.755799954001968,0.22360728157533183,1.8297629517477911,2.3048831675503707,6.275805847064869,0.882281482219696,6.264889240264893,11.624617576599121,1.009184894887118,0.5281305858585785,0.25,4.0,1.009184894887118,0.5281305858585785,0.08146131961921435,0.0008206587153955575,8.209673791318327,0.5386213732732309,0.9343918665997644,1.0094342280078579,1.007895025047096,1.0102190584749788,,,,,,,,,,,,,,,,,,,,,,,,,,,,,,,,,
98,9.790534088751413e-06,9.790534088751413e-05,1.0,9.209136666478338,6.46697593379665,2.322459497967282,2.322459497967282,3.271335518037951,1.783012274149302,0.7594400966489637,0.22258736757007805,1.8202716982042468,2.376290904509055,6.448811131554681,0.884924054145813,6.451146602630615,11.923551559448242,1.010134310213357,0.5289802615408181,0.25,4.0,1.010134310213357,0.5289802615408181,0.08609257030309662,0.00037476748003063793,8.426057370933327,0.588998920208699,0.9300979219248471,1.0104393701295595,1.0085888134466636,1.0112494101395477,,,,,,,,,,,,,,,,,,,,,,,,,,,,,,,,,
