epoch,lr_backbone,lr_main,solver_strength,train_total,train_count,train_flat_dm16,train_allocation,train_dm16,train_dm32,train_dm64,train_cell,train_region_nb,train_hurdle_bce,train_trunc_nb,train_curvature,train_hard_bg,train_fg_bce,train_scale_align,train_cell_carrier,train_cell_fine,train_kd_total,train_kd_spatial,train_kd_count,region_mu_mean,region_dispersion_mean,region_dispersion_p10,region_dispersion_p50,region_dispersion_p90,region_weight_mean,region_weight_std,region_weight_min,region_weight_max,solver_weight_mean,solver_weight_std,weight_clip_low_fraction,weight_clip_high_fraction,solver_energy_before,solver_energy_after,solver_energy_reduction,weight_mean_16,weight_mean_32,weight_mean_64,weight_mean_64_32,weight_mean_128,scale_pi_16,scale_pi_32,scale_pi_64,scale_pi_64_32,scale_pi_128,val_mae,val_rmse,val_nae,val_bias,val_game0,val_game1,val_game2,val_game3,val_mae_sparse,val_mae_moderate,val_mae_dense,pearson_rate_var_error,spearman_rate_var_error,spearman_weight_error,spearman_pred_weight_error,spearman_rate_var_error_16,spearman_rate_var_error_32,spearman_rate_var_error_64,spearman_rate_var_error_128,mean_std_residual,coverage_50,coverage_80,coverage_95,calib_gap_50,calib_gap_80,calib_gap_95,dispersion_sat_low_fraction,dispersion_sat_high_fraction,solver_help_fraction,solver_harm_fraction,energy_monotonic_fraction,mae_reg_y0,mae_reg_y1,mae_reg_y2,curvature_alpha,effective_curvature
1,1.0000000000000002e-06,1e-05,0.0,24.271526156245052,18.10427661844202,3.8006152333440006,3.8006152333440006,3.8006152333440006,0.0,0.0,0.33231519766756007,5.625667784665082,0.17327634869395075,3.7809047763412065,0.026603326855881793,1.8224764947238304e-05,0.0,0.7864869462477194,0.33225469573124033,0.33231519766756007,0.0,0.0,0.0,2.158113092989535,50.00364674748601,50.00431823730469,50.00431823730469,50.00431823730469,0.9999999403953552,0.003144659800454974,0.9570140242576599,1.0185946226119995,0.3330816924571991,0.0011055921204388142,0.0,0.0,0.0,0.0,0.0,1.0,0.33304739964974894,0.3330479844196423,1.0,0.33390931905926885,0.0,0.33304768800735474,0.3330485933535808,0.0,0.3339037218609372,,,,,,,,,,,,,,,,,,,,,,,,,,,,,,,,,,,,
2,2.0000000000000003e-06,2e-05,0.0,26.760050283895957,20.47082858472257,3.770945761654828,3.770945761654828,3.770945761654828,0.0,0.0,0.3312037192486428,6.0559306015839445,0.17324543160361214,4.115298045648111,0.026885595474694227,1.8193153910279097e-05,0.0,0.7844081682127875,0.3312750676193753,0.3312037192486428,0.0,0.0,0.0,2.1618268296525285,49.93505117055532,49.9067497253418,49.9067497253418,50.00431823730469,1.0,0.0030013767536729574,0.9571608304977417,1.022519826889038,0.33245033025741577,0.0012828436447307467,0.0,0.0,0.0,0.0,0.0,1.0,0.3323264097845232,0.3323523466651504,1.0,0.33533033486959096,0.0,0.3323299643155691,0.3323565431543299,0.0,0.33531349816837824,,,,,,,,,,,,,,,,,,,,,,,,,,,,,,,,,,,,
3,3e-06,3e-05,0.0,23.703836698789853,17.544399854299183,3.8048037451666756,3.8048037451666756,3.8048037451666756,0.0,0.0,0.3322272413485759,5.557871593011392,0.17319349541857437,3.794294956568125,0.025933120575909678,1.8086839829905058e-05,0.0,0.7816727676907101,0.3313157961175248,0.3322272413485759,0.0,0.0,0.0,2.168901063300468,49.79678684956318,49.71218490600586,49.80937194824219,49.9067497253418,1.0000001192092896,0.0030547094065696,0.974994957447052,1.030881404876709,0.33116844296455383,0.001926742377690971,0.0,0.0,0.0,0.0,0.0,1.0,0.33085803888939525,0.33096619554468104,1.0,0.33818637922003464,0.0,0.3308679976978818,0.3309758990197568,0.0,0.33815610247689326,,,,,,,,,,,,,,,,,,,,,,,,,,,,,,,,,,,,
4,4.000000000000001e-06,4e-05,0.0,26.098166903933965,19.82277924305684,3.8213736366581275,3.8213736366581275,3.8213736366581275,0.0,0.0,0.33238633420016317,5.8433711464340625,0.17309126499536875,3.9983900173290357,0.027795208089456364,1.7925173017067357e-05,0.0,0.7755634639714215,0.3327697539651716,0.33238633420016317,0.0,0.0,0.0,2.1790646153527335,49.61554810807512,49.518367767333984,49.61518478393555,49.71218490600586,1.0000001192092896,0.003898360999301076,0.9773976802825928,1.0645188093185425,0.3292079269886017,0.0031195692718029022,0.0,0.0,0.0,0.0,0.0,1.0,0.32858462591429016,0.32898820171485077,1.0,0.34244243035445343,0.0,0.32860274894817454,0.32900233687581243,0.0,0.3423949198142902,,,,,,,,,,,,,,,,,,,,,,,,,,,,,,,,,,,,
5,5e-06,5e-05,0.0,24.802178666398333,18.643312982610755,3.8015422692170016,3.8015422692170016,3.8015422692170016,0.0,0.0,0.33123643011660187,5.622874234173749,0.1729656836471042,3.751028228450466,0.026723717490362155,1.770192176155507e-05,0.0,0.767275099818771,0.3301817653952418,0.33123643011660187,0.0,0.0,0.0,2.192371851689107,49.38962018812025,49.133018493652344,49.421749114990234,49.61518478393555,0.9999999403953552,0.0057096462696790695,0.9824522733688354,1.0622589588165283,0.3269115686416626,0.004627744667232037,0.0,0.0,0.0,0.0,0.0,1.0,0.3259548520719683,0.32649602600046107,1.0,0.34758375303165334,0.0,0.3259914573785421,0.3265278516588984,0.0,0.3474806853242823,250.65972558744662,373.52673982162645,0.6785661550606706,-112.01209898309394,250.65972620149202,323.6791182367907,389.0690902438134,426.6123954320421,198.10089710780554,147.23131762364113,548.7070392111074,0.03642419733976832,0.3083829833962886,0.28715360747598684,0.3201142209073671,0.0,0.3998481687184438,0.2155301084977478,0.00517062806675701,1.3860240012876548,0.716426660803928,0.7553589095306145,0.8324356014803415,0.21642666080392803,-0.04464109046938558,-0.1175643985196585,0.0,0.0,0.5384615384615384,0.46153846153846156,1.0,2.335967420549183,2.276740755353655,2.233831776039941,-8.000232696533203,0.00033532833913341165
6,6e-06,6e-05,0.05,25.02124868856894,18.825485049067318,3.819303229048445,3.819303229048445,3.819898540909226,0.0,0.0,0.33240244114721146,5.671651569572655,0.17283189135628776,3.7868410445548393,0.026629565006776434,1.5536259230135033e-05,0.0,0.7602008693927044,0.3336255888681154,0.3325510234446139,0.0,0.0,0.0,2.206086996439341,49.03239069758235,48.75066375732422,49.037147521972656,49.3253173828125,1.0000001192092896,0.008005381561815739,0.9794442057609558,1.1005579233169556,0.3242599070072174,0.006396233104169369,0.0,0.0,0.4119787047038207,0.24328941630350576,0.4094611844599804,1.0,0.3227491805682311,0.32451183167663783,1.0,0.3527306012205175,0.0,0.3228053998302769,0.3245465602423694,0.0,0.3526480415382901,,,,,,,,,,,,,,,,,,,,,,,,,,,,,,,,,,,,
7,7e-06,7e-05,0.1,24.94517421722412,18.73264640086406,3.8113580072248303,3.8113580072248303,3.81266501143172,0.0,0.0,0.33231816903964895,5.718816956958255,0.172455272561795,3.8537446292670996,0.02820418301869083,1.4616301873379475e-05,0.0,0.7747882024661915,0.3345437219014039,0.33254927799508377,0.0,0.0,0.0,2.254216986733514,48.20361616804793,47.43569564819336,48.27689743041992,48.845970153808594,1.0,0.015674766153097153,0.9540822505950928,1.196937918663025,0.3342556953430176,0.012634510174393654,0.0,0.0,0.3932706238450231,0.15721600925600207,0.6002345465855174,1.0,0.3379784766081217,0.31572870386613383,1.0,0.34631681361713923,0.0,0.33793271715576584,0.3158186118345003,0.0,0.3462486702042657,,,,,,,,,,,,,,,,,,,,,,,,,,,,,,,,,,,,
8,8.000000000000001e-06,8e-05,0.15,26.877997063301706,20.607453101390117,3.7820607649313436,3.7820607649313436,3.783991781440941,0.0,0.0,0.33249479129507736,5.99655768677995,0.17233058568593618,4.001943394944474,0.027995477078130115,1.4531019661336433e-05,0.0,0.7986125446654655,0.3363602274173015,0.33276606894828176,0.0,0.0,0.0,2.3464649432414286,46.547066972062396,44.99901580810547,46.70027160644531,47.90120315551758,1.0,0.03258872404694557,0.9023138880729675,1.4761123657226562,0.3517454266548157,0.03142630681395531,0.0,0.0,0.369924242432053,0.11402420417682545,0.6917633636898798,1.0,0.3640785628073924,0.3031793873052339,1.0,0.33287346121427175,0.0,0.36363275469960393,0.303455692690772,0.0,0.33291155099868774,,,,,,,,,,,,,,,,,,,,,,,,,,,,,,,,,,,,
9,9e-06,9e-05,0.2,24.228856241380846,18.161639909486514,3.8341043059890336,3.8341043059890336,3.8332709170676567,0.0,0.0,0.3324480950832367,5.365539570112486,0.17331198985512192,3.3582563947986914,0.027103470688736118,1.5087044409262268e-05,0.0,0.8316627885844257,0.3329683574470314,0.33270658915107315,0.0,0.0,0.0,2.527804116945009,43.36669963114971,40.336856842041016,43.78524398803711,45.88654327392578,1.0,0.07446694374084473,0.8068018555641174,2.4153778553009033,0.36890700459480286,0.059521567076444626,0.0,0.0,0.3089428584317903,0.08337727048107095,0.7301207384941726,1.0,0.3893750849607828,0.29236793598613225,1.0,0.3189371574569393,0.0,0.3876724428421742,0.29306517742775584,0.0,0.3192623757027291,,,,,,,,,,,,,,,,,,,,,,,,,,,,,,,,,,,,
10,1e-05,0.0001,0.25,24.52144143388078,18.597907220995104,3.7949002948967188,3.7949002948967188,3.7843354972633154,0.0,0.0,0.33250987932488724,5.1618127629563615,0.1738425332146722,3.0287376610008447,0.02796208133568635,1.777100373441794e-05,0.0,0.8538205849157797,0.33407117788856094,0.33269828155234055,0.0,0.0,0.0,2.7799306753519417,39.62818620011613,32.79363250732422,40.972068786621094,44.38798141479492,1.0000001192092896,0.19643227756023407,0.6331271529197693,3.341118812561035,0.3786337375640869,0.12155459076166153,0.0,0.0,0.2558226400130504,0.07925402896629798,0.6901993155795165,1.0,0.4022672675751351,0.2930222371140042,1.0,0.3082409138615067,0.0,0.3961020466443655,0.2947142220832206,0.0,0.3091837248286685,250.63261618980994,373.2384955326659,0.6803982058990469,-110.66478842431373,250.63261540130594,323.85501122061476,389.36238086198455,427.00590627362425,199.02780696323939,147.71654717497123,547.0979763528575,0.03694660422839533,0.3324072066161192,0.27716093175107653,0.25652947780762525,0.0,0.3727624430178119,0.1637705992601938,-0.08094590292474138,1.385831538889957,0.7163350555128064,0.7543512513282767,0.8324356014803415,0.2163350555128064,-0.045648748671723305,-0.1175643985196585,0.0,0.0,0.5384615384615384,0.46153846153846156,1.0,2.3346291187700334,2.275881818690143,2.2330558584941613,-8.000130653381348,0.00033536256523802876
11,1e-05,0.0001,0.3,23.412582887185586,17.69542121887207,3.7493692604271143,3.7493692604271143,3.730199130805763,0.0,0.0,0.33135168294648865,4.722012635823843,0.17059902685719566,2.677519566303975,0.026324579089477256,2.2593215780452248e-05,0.0,0.861580621551823,0.3320670192306106,0.3314875477069133,0.0,0.0,0.0,2.862827681206368,38.73056257093275,27.72308921813965,41.05216979980469,45.08699035644531,0.9999999403953552,0.25367793440818787,0.6011207103729248,3.1589725017547607,0.38005372881889343,0.15099675953388214,0.0,0.0,0.30246527895734115,0.11320057169005678,0.6257402764367468,1.0,0.4030041340235117,0.2986213355451017,1.0,0.3038692869044639,0.0,0.39403204176876994,0.3006148370536598,0.0,0.3053531131228885,,,,,,,,,,,,,,,,,,,,,,,,,,,,,,,,,,,,
12,9.999976083776368e-06,9.999976083776368e-05,0.35,22.2181284878705,16.544194414808942,3.777327975711307,3.777327975711307,3.7559443164516138,0.0,0.0,0.3325290422181825,4.463951471689585,0.16696601743633682,2.570099949836731,0.026676714042755397,2.539799601977024e-05,0.0,0.8730926062609699,0.3333402968741752,0.33267250898722056,0.0,0.0,0.0,2.800443088686144,39.890165071229674,26.094348907470703,42.77096176147461,47.90120315551758,0.9999998211860657,0.2525528073310852,0.5852727293968201,3.2922253608703613,0.37705618143081665,0.1473226398229599,0.0,0.0,0.2863052374607808,0.10858889951093777,0.6207233214662632,1.0,0.3981891580530115,0.3025315919437924,1.0,0.30479612704869863,0.0,0.3893609449670121,0.30406726131568085,0.0,0.30657179532824336,,,,,,,,,,,,,,,,,,,,,,,,,,,,,,,,,,,,
13,9.999904335346307e-06,9.999904335346306e-05,0.4,22.33782587824641,16.710567165065456,3.730583596873928,3.730583596873928,3.709803039963181,0.0,0.0,0.33245926934319575,4.405719409117827,0.16439932826403025,2.623326398230888,0.02890291895616699,3.0104271973942633e-05,0.0,0.8643429295436756,0.33474435999586777,0.3326060272551872,0.0,0.0,0.0,2.7935654988160006,40.7092147002349,24.275146484375,43.61454391479492,51.290218353271484,1.0,0.25752967596054077,0.5295935273170471,3.0793371200561523,0.3750718832015991,0.14745363593101501,0.0,0.0,0.2892360727529268,0.1131954107534241,0.6086400645810225,1.0,0.39499804458102666,0.3050778379311433,1.0,0.30567579253299815,0.0,0.38622660089183497,0.30614901475004247,0.0,0.3076243795253135,,,,,,,,,,,,,,,,,,,,,,,,,,,,,,,,,,,,
14,9.99978475543232e-06,9.99978475543232e-05,0.45,21.22850644910658,15.668117458755905,3.762494151656692,3.762494151656692,3.7434982222479745,0.0,0.0,0.33244114228197047,4.104000085108989,0.16267106178644541,2.4391170321284115,0.027530258697633807,3.468885429233401e-05,0.0,0.8625245319830405,0.33346615449802297,0.33261605291753205,0.0,0.0,0.0,2.739268464011115,42.20660451940588,23.345182418823242,44.73611831665039,55.67499923706055,0.9999998211860657,0.2549833059310913,0.4546040892601013,2.9467992782592773,0.37232252955436707,0.1411348283290863,0.0,0.0,0.25505799941114476,0.09303071893550255,0.6352566116323205,1.0,0.390659828443785,0.3083388249616365,1.0,0.3064898083338866,0.0,0.38274107994260015,0.30879945287833344,0.0,0.3084594663735983,,,,,,,,,,,,,,,,,,,,,,,,,,,,,,,,,,,,
15,9.999617345238583e-06,9.999617345238582e-05,0.5,19.451152646863783,13.976015116717365,3.7634363174438477,3.7634363174438477,3.7444204188681938,0.0,0.0,0.3323762287964692,3.8133371391811886,0.16161723918205984,2.3058807205509497,0.026173122126508405,4.198875123276249e-05,0.0,0.8638965423042709,0.3321643898615966,0.33255170003787893,0.0,0.0,0.0,2.729920007087089,43.7524670781316,22.10277557373047,46.066139221191406,60.199031829833984,0.9999999403953552,0.2723393440246582,0.38063153624534607,3.0032732486724854,0.37103959918022156,0.14571276307106018,0.0,0.0,0.2646275819153399,0.09981587468772321,0.6228062321951895,1.0,0.3882111528435269,0.3119144592736218,1.0,0.30575957330497533,0.0,0.3802885670919676,0.31191461875632004,0.0,0.30779680931890335,250.44291269910204,372.5424702349069,0.6829383010720956,-108.49694742475238,250.44291311985774,323.9687134390708,389.66197573534515,427.4394463744784,200.49594824654716,148.34062691622003,544.3738608982252,0.03962665664077477,0.32106934630987605,0.28829122087836534,0.24784405995170827,0.0,0.3573784796479202,0.1952637409109955,0.058136456749573434,1.3837355688499047,0.7168297240848631,0.7538382616979957,0.8336814334395954,0.21682972408486312,-0.04616173830200432,-0.11631856656040451,0.0,0.0,0.5384615384615384,0.46153846153846156,1.0,2.3321088414925795,2.273362624776232,2.2306993495632006,-7.998725414276123,0.0003358340763952583
16,9.999402106450908e-06,9.999402106450908e-05,0.55,19.38074882610424,13.95006379565677,3.718246111998687,3.718246111998687,3.6967186992232866,0.0,0.0,0.3324370633911442,3.7694893269925505,0.1593138257393966,2.3502623454944507,0.02708176294392025,4.7129194344224005e-05,0.0,0.8649082441587705,0.3327807469947918,0.3326197242414629,0.0,0.0,0.0,2.6749933990272314,45.891722395613385,21.506589889526367,47.714454650878906,65.85794067382812,0.9999999403953552,0.2847938537597656,0.31784558296203613,3.412930727005005,0.3698693513870239,0.14618539810180664,0.0,0.0,0.2532398624194635,0.09014745358679746,0.6440234458922652,1.0,0.38599635700921753,0.3152363276159441,1.0,0.304449970657761,0.0,0.3784482978485726,0.31483336638759923,0.0,0.3067183373747645,,,,,,,,,,,,,,,,,,,,,,,,,,,,,,,,,,,,
17,9.999139041236748e-06,9.999139041236749e-05,0.6,18.577005721427298,13.17770865156844,3.6727901987127356,3.6727901987127356,3.649568815489073,0.0,0.0,0.33243387776452143,3.7341453384708716,0.15584995255276962,2.445120627815659,0.027670517664503406,5.758177173226392e-05,0.0,0.8931896316038596,0.334384005617451,0.33262581116444356,0.0,0.0,0.0,2.7521608777948328,46.8974680513949,19.73555564880371,48.08868408203125,71.20941162109375,0.9999999403953552,0.31502988934516907,0.268532395362854,3.5362486839294434,0.37263017892837524,0.1568303108215332,0.0,0.0,0.25912183643998327,0.09931282840065055,0.6167330790600778,1.0,0.38847780227661133,0.3216290739742485,1.0,0.2960125586471042,0.0,0.3803248816245311,0.32096995775764053,0.0,0.2987051654506374,,,,,,,,,,,,,,,,,,,,,,,,,,,,,,,,,,,,
18,9.99882815224517e-06,9.998828152245169e-05,0.65,17.96002823597676,12.600725805437243,3.680013940141008,3.680013940141008,3.660023843919909,0.0,0.0,0.33200009771295497,3.5910609283962764,0.15835318331782883,2.355264048318605,0.02821431656342906,7.20057772972772e-05,0.0,0.8919593675716503,0.3328414229122368,0.3322041719346433,0.0,0.0,0.0,2.7839800667118384,48.785425443907044,18.4315242767334,48.94146728515625,78.20824432373047,1.0000001192092896,0.32820606231689453,0.25,3.5716712474823,0.3738258481025696,0.1602032333612442,8.206587153955575e-06,0.0,0.2697834843719328,0.1069339660776628,0.6036304211630688,1.0,0.3893030608022535,0.3257304494445388,1.0,0.2911310067047944,0.0,0.38140337048350154,0.3248190009916151,0.0,0.29377763577409693,,,,,,,,,,,,,,,,,,,,,,,,,,,,,,,,,,,,
19,9.99846944260682e-06,9.998469442606819e-05,0.7,17.582892881857383,12.276699839411554,3.6730411825953304,3.6730411825953304,3.6552099537205054,0.0,0.0,0.3323757688741426,3.4034311964705184,0.15648813706797524,2.310936802142375,0.02864693764697861,8.315923667003124e-05,0.0,0.88361760249009,0.333558122853975,0.3325823690440204,0.0,0.0,0.0,2.623651008348207,53.160134392815664,18.39556121826172,53.64680099487305,86.56863403320312,1.0000061988830566,0.3563648462295532,0.25,4.0,0.3720666170120239,0.1676526516675949,0.0002297844403107561,2.735529051318525e-06,0.25355849837934646,0.09656478847200806,0.619161696061402,1.0,0.38674332563941544,0.32659679570713557,1.0,0.2930135952459799,0.0,0.3790560839949427,0.32524496478003423,0.0,0.2956989520304912,,,,,,,,,,,,,,,,,,,,,,,,,,,,,,,,,,,,
20,9.9980629159339e-06,9.9980629159339e-05,0.75,16.907909058235788,11.651122595812824,3.667817109339946,3.667817109339946,3.648732939281979,0.0,0.0,0.3319236877802256,3.269952142560804,0.1557570784478574,2.2275242289981327,0.028123991412890924,0.00010230431035853217,0.0,0.8968661201966776,0.33196401596069336,0.3321351626434842,0.0,0.0,0.0,2.6343540436512716,54.58088787181957,17.690837860107422,54.598148345947266,90.72313690185547,0.9999893307685852,0.3966911733150482,0.25,4.0,0.3742906451225281,0.18510285019874573,0.0004759820549294233,9.300798774482986e-05,0.27141356629294316,0.11773895351467906,0.566200926789339,1.0,0.3893972715815982,0.3281425793428679,1.0,0.2899184323645927,0.0,0.38077704487620173,0.32638260238879435,0.0,0.2928403519295357,249.49809898124946,371.2528312515751,0.6803406463137737,-108.12147718995482,249.49809911941222,322.82756727168885,388.5639514772775,426.39746068800645,200.24993460518974,147.58836169575537,542.7827350782311,0.05089815491911708,0.3515896197938507,0.31611368374391385,0.29108592552779955,0.0,0.4060372359936767,0.2582262418538199,0.13502650808915662,1.3744608804360607,0.7214832728738412,0.7643179070023085,0.8448572789564325,0.22148327287384117,-0.03568209299769154,-0.10514272104356748,0.0,0.0,0.532967032967033,0.46703296703296704,1.0,2.319294179533864,2.2618599098462324,2.2201786437532403,-7.996920108795166,0.00033644080394878983
21,9.99760857632013e-06,9.99760857632013e-05,0.8,16.49662043597247,11.267705234321388,3.6603176593780518,3.6603176593780518,3.64291863828092,0.0,0.0,0.3316927568332569,3.199981064409823,0.15376161401336258,2.1989708462276973,0.027479823905269842,0.00011446489519880128,0.0,0.9116360319627298,0.33053570502513163,0.331912735024014,0.0,0.0,0.0,2.6850052266507536,54.693291535248626,16.425386428833008,54.598148345947266,92.15182495117188,0.9999643564224243,0.402478963136673,0.25,4.0,0.37609565258026123,0.18815232813358307,0.0005224860488018383,0.0001969580916949338,0.2645702857423473,0.11599711066967733,0.5615641025438454,1.0,0.3915107959025615,0.3297909401558541,1.0,0.286394533273336,0.0,0.38286080070444056,0.3279882323097538,0.0,0.2891509669858056,,,,,,,,,,,,,,,,,,,,,,,,,,,,,,,,,,,,
22,9.997106428340707e-06,9.997106428340706e-05,0.85,16.597902272198652,11.394570711496714,3.632061990531715,3.632061990531715,3.6233553435351395,0.0,0.0,0.3303497264514098,3.2013998418240934,0.15216516562410304,2.2212649390504167,0.026691413308317598,0.00014389024923926823,0.0,0.9264580575195519,0.32801551351676117,0.330588656502801,0.0,0.0,0.0,2.7975196838378906,52.89468290999129,15.072782516479492,52.60918045043945,90.01713562011719,0.9999793767929077,0.4006606638431549,0.25,4.0,0.3792308270931244,0.18970522284507751,0.000380238538133275,0.00012309880730933362,0.2590719376866882,0.10884530600663778,0.5798645465867817,1.0,0.3950905340748864,0.3330482639170982,1.0,0.2802514844649547,0.0,0.3860444619848922,0.331238641932204,0.0,0.28271689688837204,,,,,,,,,,,,,,,,,,,,,,,,,,,,,,,,,,,,
23,9.99655647705225e-06,9.99655647705225e-05,0.9,16.418085459116345,11.1969712618235,3.6699601444038183,3.6699601444038183,3.6702282879803634,0.0,0.0,0.3317711023060051,3.1154330743325724,0.15103216751201734,2.1886913679741524,0.027498198874496126,0.00013990293518872932,0.0,0.9248519862020338,0.33265211936589834,0.33200640694515127,0.0,0.0,0.0,2.6826067164137557,53.75644013688371,15.28027057647705,55.45794677734375,88.62154388427734,1.0000030994415283,0.39587774872779846,0.25,4.0,0.37739333510398865,0.18383483588695526,0.0002844950213371266,3.0090819564503775e-05,0.2345290337059949,0.10467921378644737,0.5536620258382465,1.0,0.3926044887787587,0.3332856418313207,1.0,0.2816046411926682,0.0,0.384623996309332,0.3313636167629345,0.0,0.28401238370586085,,,,,,,,,,,,,,,,,,,,,,,,,,,,,,,,,,,,
24,9.995958727992769e-06,9.995958727992767e-05,0.95,15.467494784174738,10.258361842181232,3.6521682417070545,3.6521682417070545,3.656783393911413,0.0,0.0,0.3315243358547623,3.180941240207569,0.1509758701195588,2.155011563687711,0.026939730839552107,0.00018163949150491404,0.0,0.9455500406187933,0.33038574054434494,0.33178792048144984,0.0,0.0,0.0,3.015688876847963,47.67582310856999,12.942893028259277,48.75066375732422,79.7507553100586,1.0000019073486328,0.36382782459259033,0.25,3.9822797775268555,0.3825542628765106,0.17519809305667877,9.300798774482986e-05,0.0,0.29545066646627477,0.16842036311690872,0.4299543638493243,1.0,0.3985277172681448,0.3387553087762884,1.0,0.2703958008740399,0.0,0.3905193773475853,0.3372484163658039,0.0,0.2722322103139517,,,,,,,,,,,,,,,,,,,,,,,,,,,,,,,,,,,,
25,9.995313187181584e-06,9.995313187181583e-05,1.0,16.174576810888343,10.93231269475576,3.7133123488039583,3.7133123488039583,3.741948752789884,0.0,0.0,0.3312687044208114,3.1178046239388957,0.15312781124501615,2.0812884440293185,0.02716640674987355,0.0001773625400666198,0.0,0.9415739001454534,0.32923340797424316,0.33152401608389775,0.0,0.0,0.0,2.78848207319105,48.53003909136798,14.076845169067383,51.09025192260742,77.29708862304688,1.0000001192092896,0.3645319640636444,0.25,3.674409866333008,0.38182827830314636,0.17425034940242767,5.47105810263705e-06,0.0,0.23084555163576798,0.11829535924905055,0.4875562539073789,1.0,0.39731855811299505,0.3399404520924027,1.0,0.2703701297979097,0.0,0.38975081411567897,0.33837003401807836,0.0,0.2718791542826472,246.3651388189295,367.35286360481365,0.6715311895924763,-107.03327935606569,246.3651391715231,319.0612112736305,384.45369127608603,422.32735594725784,199.20038277762276,144.99979527791342,537.8060651032821,0.08124576688658394,0.34579917067065613,0.33187109394545267,0.30997443534583385,0.0,0.4031827136789481,0.23318905537356252,0.08086698138216487,1.3459551912210626,0.7235535524531896,0.7872558718991609,0.8531567183320509,0.22355355245318964,-0.012744128100839136,-0.09684328166794909,0.0,0.0,0.5164835164835165,0.4835164835164835,1.0,2.281484000302933,2.2247441021295695,2.1856787316091766,-7.994772434234619,0.00033716403413563967
26,9.99461986111929e-06,9.994619861119289e-05,1.0,15.554644120706094,10.366136911753062,3.625893702378144,3.625893702378144,3.6269622171247327,0.0,0.0,0.3311129679550996,3.2132759158675737,0.149904961118827,2.1418193353189006,0.029298578615526896,0.00022012239355103088,0.0,0.974480194014472,0.32960086174913356,0.33136289184157913,0.0,0.0,0.0,3.080213398546786,43.59283478195603,11.946864128112793,45.52945327758789,70.37979125976562,1.0,0.34285449981689453,0.2673755884170532,3.4841864109039307,0.38713163137435913,0.16738839447498322,0.0,0.0,0.2714683477943008,0.1691460323494834,0.3769217158324104,1.0,0.4033285387464472,0.34604693586761887,1.0,0.25812866438079524,0.0,0.39598959120544225,0.34472511829556646,0.0,0.25928529090172536,,,,,,,,,,,,,,,,,,,,,,,,,,,,,,,,,,,,
27,9.993878756787668e-06,9.993878756787667e-05,1.0,15.375343116554054,10.14097903225873,3.6962602460706555,3.6962602460706555,3.6958549924798914,0.0,0.0,0.3305839171280732,3.1793832263431034,0.15172093462299657,2.0675431844350456,0.026205877949659888,0.0002462297840817907,0.0,0.9837876799944285,0.32643493446143895,0.3308314785764024,0.0,0.0,0.0,3.0629132631662728,43.53042231379329,11.579297065734863,45.976253509521484,69.83209991455078,1.000000238418579,0.33362191915512085,0.25,3.376985788345337,0.3880710303783417,0.16331318020820618,5.47105810263705e-06,0.0,0.26576134119484873,0.16225872229079943,0.38945701597797133,1.0,0.4041750954615103,0.34829255535795883,1.0,0.2548922823893057,0.0,0.39731048571096883,0.34706610763395157,0.0,0.2556234126960909,,,,,,,,,,,,,,,,,,,,,,,,,,,,,,,,,,,,
28,9.993089881649631e-06,9.993089881649632e-05,1.0,15.090289708730337,9.890953643901929,3.681337968723194,3.681337968723194,3.68328426335309,0.0,0.0,0.33099078729345993,3.0876961398769067,0.1504732688536515,2.050101489634127,0.02729046213868502,0.00023295627132127365,0.0,0.9751841844739141,0.32930261379963643,0.3312207234872354,0.0,0.0,0.0,2.8820477885168954,45.41985784994589,12.593781471252441,48.46584701538086,71.20941162109375,1.0000009536743164,0.3328377306461334,0.25,3.2903072834014893,0.38688924908638,0.16084419190883636,5.197505197505198e-05,0.0,0.20153552334050875,0.10760614094701973,0.4660686157784133,1.0,0.4027237288049749,0.34767527515823776,1.0,0.25640443611789393,0.0,0.3964049195921099,0.34633715168849843,0.0,0.2572579295248599,,,,,,,,,,,,,,,,,,,,,,,,,,,,,,,,,,,,
29,9.992253243649145e-06,9.992253243649144e-05,1.0,14.868643992655986,9.695947956394505,3.660487735593641,3.660487735593641,3.6614773724530196,0.0,0.0,0.3308077599551227,3.0765536798013224,0.1505847613553743,2.0351717729826233,0.028238043742808135,0.00026559832229002103,0.0,0.9838227661880287,0.3265853725575112,0.3310327368813592,0.0,0.0,0.0,3.0065041877127983,44.19569943402264,11.288992881774902,47.158565521240234,70.37979125976562,1.0000004768371582,0.32459741830825806,0.25,3.260068416595459,0.38909587264060974,0.15675941109657288,3.556187766714083e-05,0.0,0.2222598158829921,0.13712866513712987,0.3830253813882363,1.0,0.4052769058459514,0.3500053061021341,1.0,0.2512481615350053,0.0,0.39951235297563914,0.34873078481571096,0.0,0.2517568630141181,,,,,,,,,,,,,,,,,,,,,,,,,,,,,,,,,,,,
30,9.991368851211145e-06,9.991368851211145e-05,1.0,15.678095405166214,10.514455421550855,3.612223225670892,3.612223225670892,3.601520177480337,0.0,0.0,0.33087925008825353,3.1740446026260787,0.14730408908547582,2.1312736240593164,0.027337894674289872,0.0002674492869708637,0.0,0.9938362965712676,0.3280199597010741,0.33108934196265966,0.0,0.0,0.0,3.018508634051761,43.71122401469463,10.877742767333984,46.883052825927734,69.28865814208984,1.0000003576278687,0.3309132754802704,0.25,3.145498275756836,0.39117932319641113,0.1592569202184677,3.0090819564503775e-05,0.0,0.2108595222234726,0.13975896404401675,0.3371939641601874,1.0,0.40779825803395864,0.3515652224824235,1.0,0.24714578527051048,0.0,0.40215575050663305,0.35015659074525574,0.0,0.24768765915084529,239.5133279653696,358.8012098688859,0.6595980900138868,-98.80021633944669,239.51332804755992,312.17876887441787,377.29341236553665,415.7039380227743,198.7059669494629,141.79897352706556,519.7481812186863,0.13192637161337592,0.3211651066954942,0.3186981845278801,0.2642557499566275,0.0,0.37134496594526867,0.1651662939099472,0.04683132176299003,1.298087298401475,0.7242131105492653,0.800080612656187,0.8597339782345829,0.2242131105492653,8.061265618697355e-05,-0.09026602176541709,0.0,0.0,0.521978021978022,0.47802197802197804,1.0,2.2447389426467184,2.1834732448006724,2.14208885044842,-7.993339538574219,0.00033764741965569556
31,9.99043671324145e-06,9.990436713241451e-05,1.0,15.267348109064875,10.11913860166395,3.6190397095035864,3.6190397095035864,3.616989754341744,0.0,0.0,0.32960276668136185,3.1022376305348165,0.14857979441011274,2.0897822895565548,0.02954473502531245,0.00032950042411873773,0.0,1.0014341151392139,0.32751564802350225,0.3298212716708312,0.0,0.0,0.0,3.06952952049874,43.08846695358689,10.688203811645508,45.88654327392578,68.74945068359375,1.0000004768371582,0.3192390203475952,0.25,3.3244874477386475,0.3927929103374481,0.1529526710510254,1.641317430791115e-05,0.0,0.21362129337078817,0.14454859595846486,0.32334181823546954,1.0,0.40960269280382106,0.3536578473207113,1.0,0.24281642726949743,0.0,0.4046792766532382,0.3523546642548329,0.0,0.24296605587005615,,,,,,,,,,,,,,,,,,,,,,,,,,,,,,,,,,,,
32,9.989456839126684e-06,9.989456839126684e-05,1.0,14.94906252783698,9.817606809976938,3.597657906042563,3.597657906042563,3.589743878390338,0.0,0.0,0.3291896267517193,3.147239130896491,0.14813216433331772,2.0788104759680257,0.028230646876869974,0.0004237959872478166,0.0,1.0214876774195079,0.3231469900221438,0.3294111127788956,0.0,0.0,0.0,3.253455754872915,41.042763065647435,9.231820106506348,43.69981002807617,66.37447357177734,1.0000019073486328,0.31295672059059143,0.25,3.084050416946411,0.3962601125240326,0.15014077723026276,6.291716818032608e-05,0.0,0.2544722287236033,0.188716410785108,0.2584007625048799,1.0,0.4135483736927445,0.3576287361415657,1.0,0.23458820098155253,0.0,0.40916581331072627,0.356452283021566,0.0,0.23438190165403727,,,,,,,,,,,,,,,,,,,,,,,,,,,,,,,,,,,,
33,9.988429238734164e-06,9.988429238734165e-05,1.0,15.202534830248034,10.080774229926032,3.6041027210854195,3.6041027210854195,3.5972145376978695,0.0,0.0,0.33132873757465464,3.047823867282352,0.14758486924944697,2.076063123909203,0.028127578565397778,0.0002972488775314461,0.0,1.008864388272569,0.33006285896172394,0.3314972535983936,0.0,0.0,0.0,2.894950480074496,44.533732027620886,10.963057518005371,47.43569564819336,70.37979125976562,1.0000008344650269,0.32633358240127563,0.25,3.1055121421813965,0.39554563164711,0.15388213098049164,6.018163912900755e-05,0.0,0.15711636378152952,0.10770374143848548,0.3144969827060939,1.0,0.4129394921096596,0.3558967443736824,1.0,0.2364763468503952,0.0,0.40884644276386983,0.354465990453153,0.0,0.23668757201852025,,,,,,,,,,,,,,,,,,,,,,,,,,,,,,,,,,,,
34,9.987353922411819e-06,9.987353922411818e-05,1.0,14.17746082512108,9.092056441951442,3.6001541292345203,3.6001541292345203,3.5902949281640955,0.0,0.0,0.33055707570668813,2.940958963858115,0.14515087370936935,2.030226845999022,0.027963115254769456,0.0003472533158806933,0.0,1.0254841575751434,0.3264502319129738,0.330745606809049,0.0,0.0,0.0,2.9654057219221786,43.40907885577228,10.461023330688477,46.336849212646484,69.55985260009766,1.0000044107437134,0.323467493057251,0.25,3.114227771759033,0.3982084095478058,0.15288569033145905,0.00016960280118174856,0.0,0.15446904885607796,0.10072863887290696,0.3479040648022767,1.0,0.4161947417903591,0.3577599090498847,1.0,0.23118945029941765,0.0,0.4125247203014992,0.35633047126434947,0.0,0.2311448092396195,,,,,,,,,,,,,,,,,,,,,,,,,,,,,,,,,,,,
35,9.986230900988068e-06,9.986230900988069e-05,1.0,14.597976452595478,9.497498873117808,3.57187261452546,3.57187261452546,3.5687956230060474,0.0,0.0,0.32971093461320206,3.1065437600419328,0.14708380683048353,2.0787987354639412,0.02931838678951199,0.0005351650234425088,0.0,1.0531197705784359,0.324171721129804,0.3299658403203294,0.0,0.0,0.0,3.226254624289435,40.37448584066855,8.895512580871582,42.521080017089844,66.1156997680664,1.0000145435333252,0.3205244839191437,0.25,2.8891830444335938,0.40216293931007385,0.15290696918964386,0.00033373454426086004,0.0,0.20167147388329376,0.12144191422172494,0.3978230441653699,1.0,0.4207956380135304,0.3615967840761752,1.0,0.22300914131306313,0.0,0.4170889306712795,0.3602581128880784,0.0,0.22265295684337616,230.09049912337417,348.19653928652326,0.6343261241827145,-93.62391151176705,230.0904988357615,300.66392668207743,364.7720817508535,403.1921662679363,194.45563398088728,135.5031306540319,500.76907713516897,0.18780744965692187,0.30614207980485775,0.29176920448590904,0.22791530597395163,0.0,0.3427068126509408,0.137602369428392,0.017352520702664843,1.2405209130063852,0.7172144663075739,0.8108350738338647,0.8745373932798358,0.2172144663075739,0.010835073833864617,-0.07546260672016414,0.0,0.0,0.532967032967033,0.46703296703296704,1.0,2.161758277442429,2.1066180958852665,2.068198860674114,-7.992087364196777,0.0003380704147275537
36,9.985060185771726e-06,9.985060185771726e-05,1.0,14.028132515984613,8.959739092234019,3.599262508186134,3.599262508186134,3.5939561418584876,0.0,0.0,0.3302512676329226,2.8878527331996606,0.1450858599430806,2.002481415465071,0.027904927730560303,0.00041989910627111186,0.0,1.0386591875875317,0.3257386418613228,0.33044824406907364,0.0,0.0,0.0,2.9925715021184973,43.0216577890757,9.827221870422363,45.7970085144043,69.28865814208984,1.000008463859558,0.3319045901298523,0.25,2.966860055923462,0.4023154079914093,0.1569136530160904,0.0003036437246963563,0.0,0.15585448894951795,0.09511715415361766,0.3897053925445383,1.0,0.4211776329053415,0.36074168939848206,1.0,0.2232850608793465,0.0,0.4176645053399576,0.3592401984575632,0.0,0.22309529096693606,,,,,,,,,,,,,,,,,,,,,,,,,,,,,,,,,,,,
37,9.983841788551883e-06,9.983841788551883e-05,1.0,15.76609132096574,10.615469133531725,3.648350258131285,3.648350258131285,3.6461107022053487,0.0,0.0,0.33058958359666774,2.989136264130876,0.14450869950893763,2.0603221171611064,0.028064028687171033,0.0004206989420659689,0.0,1.0673809856981844,0.3249461900543522,0.330789915613226,0.0,0.0,0.0,2.942390403232059,43.064040106696055,10.040637969970703,45.26345443725586,69.55985260009766,1.0000144243240356,0.3382427990436554,0.25,2.902506113052368,0.404363214969635,0.1592773050069809,0.0005060728744939271,0.0,0.15222051860512914,0.08925116323941462,0.41367192769236,1.0,0.42375233044495453,0.3618659973144531,1.0,0.2192402389403936,0.0,0.42051975710971934,0.36021116214829524,0.0,0.21926908114471952,,,,,,,,,,,,,,,,,,,,,,,,,,,,,,,,,,,,
38,9.982575721597784e-06,9.982575721597784e-05,1.0,13.82730958268449,8.737719858014906,3.619366897119058,3.619366897119058,3.6183999551309123,0.0,0.0,0.33024644207310033,2.8859951109499544,0.14329960881858259,2.0066247662982426,0.02851650053383531,0.0005254403568451871,0.0,1.0642493689382397,0.32415531454859553,0.33047336662137833,0.0,0.0,0.0,3.008919735212584,42.99056202656514,9.195829391479492,45.440608978271484,70.10540771484375,1.0000337362289429,0.34299367666244507,0.25,2.9250903129577637,0.4061738848686218,0.1621081680059433,0.0008452784768574242,0.0,0.17783070939618187,0.10249820834881551,0.4236191898640865,1.0,0.42602341642250885,0.3626768427926141,1.0,0.21661028467320106,0.0,0.4227756688723693,0.36095251344345713,0.0,0.21627181204589638,,,,,,,,,,,,,,,,,,,,,,,,,,,,,,,,,,,,
39,9.981261997658713e-06,9.981261997658712e-05,1.0,13.935916178935283,8.86940672590926,3.6052728665841594,3.6052728665841594,3.6054884163109033,0.0,0.0,0.3299828622792218,2.8231918360735917,0.14137385241888664,2.019353028890249,0.028577546261855075,0.0005028780409751611,0.0,1.0819204127466358,0.3251878135913127,0.3301782970492904,0.0,0.0,0.0,2.9997542548824,43.244394353918125,9.088693618774414,45.26345443725586,71.48811340332031,1.0000450611114502,0.3514001667499542,0.25,2.872605800628662,0.4081149995326996,0.16461427509784698,0.0012337236021446548,0.0,0.15799181908369064,0.0939562677128895,0.4053092858996741,1.0,0.4285892401192639,0.3631060461740236,1.0,0.21324194927473325,0.0,0.42565987641746933,0.3612272070871817,0.0,0.21311291407894445,,,,,,,,,,,,,,,,,,,,,,,,,,,,,,,,,,,,
40,9.979900629963849e-06,9.979900629963848e-05,1.0,13.864413209863612,8.761142395638132,3.645137651546581,3.645137651546581,3.6565248644029773,0.0,0.0,0.3295709804908649,2.8363089754774764,0.1440429212273778,1.9896350229108655,0.02916138186245351,0.0005777723925200769,0.0,1.0986416194889996,0.32341764263204625,0.3297851609217154,0.0,0.0,0.0,3.036756637934092,42.313368410677526,9.035595893859863,43.61454391479492,70.93179321289062,1.0000720024108887,0.35731247067451477,0.25,3.089324951171875,0.41069477796554565,0.16723321378231049,0.0017261188313819893,0.0,0.17456496849253372,0.10131268525445783,0.41962762558060984,1.0,0.4317244178539998,0.36496059234077866,1.0,0.20826034449242256,0.0,0.4291824029909598,0.3629461389941138,0.0,0.20787145841766047,217.8783432467953,333.02009832711036,0.5989427531318559,-89.87134667281266,217.87834453845417,284.625292387217,346.90222693468314,384.8966107091468,190.61871010916573,126.54384893964428,478.1602388464886,0.26498709688840083,0.3047479063860475,0.2598163325698626,0.19605690477452398,0.0,0.3251746447876622,0.1726354309569198,0.040952907097875385,1.1680174339282143,0.7197610934007548,0.8260049100436041,0.8941592466380858,0.21976109340075478,0.026004910043604057,-0.055840753361914186,0.0,0.0,0.5494505494505495,0.45054945054945056,1.0,2.0427557485444203,1.999494079377625,1.970825385916364,-7.990727424621582,0.0003385304007679224
41,9.978491632222153e-06,9.978491632222152e-05,1.0,14.010931453189334,8.945055072372025,3.6033283890904606,3.6033283890904606,3.6094881972751103,0.0,0.0,0.3296752749262629,2.8479917113845414,0.14395568862154678,1.9990879168381561,0.029622488126561448,0.0006017184783264089,0.0,1.0878900031785708,0.3242578111790322,0.3298967770628027,0.0,0.0,0.0,3.036712478946995,42.53404689479519,8.930327415466309,43.95661163330078,71.48811340332031,1.0000942945480347,0.36656010150909424,0.25,2.9221744537353516,0.4124026894569397,0.17157982289791107,0.0021172994857205384,0.0,0.17616076868128133,0.10521156058923618,0.40275260276826974,1.0,0.43386002569585236,0.36584874101587245,1.0,0.20534577522728895,0.0,0.4314047275362788,0.36380504756360443,0.0,0.204790230538394,,,,,,,,,,,,,,,,,,,,,,,,,,,,,,,,,,,,
42,9.977035018622216e-06,9.977035018622216e-05,1.0,13.808980735572609,8.747563117259258,3.6192302446107605,3.6192302446107605,3.631883460122186,0.0,0.0,0.3296812909680444,2.759638399691195,0.14352394237711624,1.9843838698155172,0.028853363584022265,0.0005648878624826368,0.0,1.1103360765689128,0.32337634386243047,0.32989465384869965,0.0,0.0,0.0,2.9207680676434493,43.2698251878893,9.358902931213379,44.648826599121094,72.33079528808594,1.0000863075256348,0.3718651831150055,0.25,2.9596259593963623,0.4144359827041626,0.17525506019592285,0.002229456176824598,0.0,0.1712910724250046,0.09679338064145397,0.4349187072558468,1.0,0.4366336279624217,0.36574229114764445,1.0,0.20268455107469815,0.0,0.4339004867785686,0.3634952870575157,0.0,0.2026042318021929,,,,,,,,,,,,,,,,,,,,,,,,,,,,,,,,,,,,
43,9.975530803832124e-06,9.975530803832123e-05,1.0,13.694673924832731,8.672637784803236,3.5839291972083016,3.5839291972083016,3.5862236860636116,0.0,0.0,0.3294962000202488,2.739505690497321,0.14335135269809413,1.9803183368734412,0.029119825997465366,0.0006020255831252733,0.0,1.121731460094452,0.3237875579176722,0.3297133413521019,0.0,0.0,0.0,2.9402311041548446,42.82492261319547,9.088693618774414,43.69981002807617,72.33079528808594,1.0001275539398193,0.3812302052974701,0.25,2.858635902404785,0.41723519563674927,0.17962227761745453,0.0031841558157347633,0.0,0.1806644511383933,0.09866632219101931,0.45386974820276876,1.0,0.440336249970101,0.3661660237892254,1.0,0.1986744262882181,0.0,0.43774389817908005,0.3636718811215581,0.0,0.1985842198938937,,,,,,,,,,,,,,,,,,,,,,,,,,,,,,,,,,,,
44,9.973979002999299e-06,9.973979002999299e-05,1.0,13.115070626542375,8.12299393318795,3.558234330770132,3.558234330770132,3.5664505378620044,0.0,0.0,0.3296240922567007,2.715038080473204,0.14246337035217801,1.9823520376875594,0.02905884259254546,0.000689697390535494,0.0,1.1335871912337638,0.3230510426534189,0.3298735135310405,0.0,0.0,0.0,3.0809107793344035,40.7325277586241,7.865609169006348,41.617286682128906,69.83209991455078,1.0001481771469116,0.37748706340789795,0.25,3.0777060985565186,0.42076048254966736,0.17976947128772736,0.003323667797352008,0.0,0.21422163618577494,0.11797953256078668,0.449264160887681,1.0,0.44472705351339803,0.36816558886218714,1.0,0.19223076789765745,0.0,0.44221983084807526,0.3657541057548007,0.0,0.1920260605779854,,,,,,,,,,,,,,,,,,,,,,,,,,,,,,,,,,,,
45,9.97237963175036e-06,9.972379631750359e-05,1.0,13.23509543650859,8.24210665677045,3.5623721625353837,3.5623721625353837,3.561396701915844,0.0,0.0,0.32919951306807027,2.710994494927896,0.14189510913314046,1.9711444828961346,0.029964682696437515,0.0007454950194900251,0.0,1.1411317796320528,0.3217851962592151,0.329424938640079,0.0,0.0,0.0,3.057563949275661,40.90767762467668,8.036425590515137,41.617286682128906,70.10540771484375,1.0001825094223022,0.3831638693809509,0.25,3.0272276401519775,0.4236708879470825,0.18313920497894287,0.004223656855235802,0.0,0.20809193599868464,0.12307013752492699,0.4085780550107193,1.0,0.44854900804725856,0.36880849905916163,1.0,0.18767624690725998,0.0,0.44619705225970296,0.36623617603972153,0.0,0.18756677210330963,205.40971569438557,320.14659700919185,0.5480715069867563,-98.29328509739467,205.40971740929896,267.03021934160114,325.97320950683803,362.7716307686415,179.57155445643835,112.68375999982968,469.3774420696756,0.30694924169451715,0.3063657154216248,0.25620763322734497,0.19269202654355685,0.0,0.3071680252005265,0.1807460220113708,0.029610205594092623,1.1152168137712706,0.7291048330951596,0.8361364552416548,0.91163753618409,0.2291048330951596,0.036136455241654764,-0.03836246381590991,0.0,0.0,0.5164835164835165,0.4835164835164835,1.0,1.9303681879908174,1.8974305456811256,1.8762532161487329,-7.987401008605957,0.00033965817419812083
46,9.970732706190957e-06,9.970732706190958e-05,1.0,13.538320979556522,8.572719135799924,3.5353531708588473,3.5353531708588473,3.5352607739938273,0.0,0.0,0.32841122311514775,2.6867734934832597,0.1405444547936723,1.989302947714522,0.03010716601400762,0.0007642656202881119,0.0,1.1665142935675543,0.32224182502643484,0.328634407069232,0.0,0.0,0.0,3.0110281480325236,41.1304718223778,8.372897148132324,41.53608322143555,70.65525817871094,1.0002753734588623,0.39289188385009766,0.25,2.9588849544525146,0.42658430337905884,0.1884171962738037,0.006143998249261407,0.0,0.22518130210605827,0.13771035361128883,0.38844676568026704,1.0,0.45221805894697037,0.37022053309389064,1.0,0.18266235896058985,0.0,0.44980311957565516,0.3673849653553318,0.0,0.1828119190963539,,,,,,,,,,,,,,,,,,,,,,,,,,,,,,,,,,,,
47,9.969038242905615e-06,9.969038242905614e-05,1.0,13.462484746365934,8.449562665578481,3.6017969621194377,3.6017969621194377,3.6072206497192383,0.0,0.0,0.32910741100440155,2.618786573410034,0.14080100083673322,1.956979970674257,0.029395392768689105,0.00079411782113508,0.0,1.196573257446289,0.32072088847289215,0.329328156000859,0.0,0.0,0.0,2.9062508183556632,41.98792328705659,9.053260803222656,42.02569580078125,71.76791381835938,1.0003291368484497,0.40486055612564087,0.25,2.9738147258758545,0.42893731594085693,0.19479864835739136,0.007117846591530802,0.0,0.22443825087031802,0.13275199685547803,0.4085143849557843,1.0,0.45544473706065,0.3699819751687952,1.0,0.17978190127256755,0.0,0.45301037060247884,0.366889807823542,0.0,0.18009982076851097,,,,,,,,,,,,,,,,,,,,,,,,,,,,,,,,,,,,
48,9.967296258957556e-06,9.967296258957556e-05,1.0,13.62411627898345,8.61896463342615,3.567090640196929,3.567090640196929,3.5705759009799443,0.0,0.0,0.32815082894789205,2.693106438662555,0.13915395716557633,2.0169091095795504,0.031088793851636553,0.0008702122038419082,0.0,1.1952704094551705,0.32106793410069234,0.32837897619685613,0.0,0.0,0.0,2.983357010660945,40.98289665015968,8.504751205444336,40.972068786621094,70.65525817871094,1.0003596544265747,0.401774138212204,0.25,2.988321542739868,0.4317097067832947,0.19436320662498474,0.007467994310099573,0.0,0.25514644887801763,0.15539653599262238,0.39095160181157157,1.0,0.4592635381866146,0.3696901709646792,1.0,0.17610298741508174,0.0,0.45704043314263626,0.36656685697065816,0.0,0.1763927151222487,,,,,,,,,,,,,,,,,,,,,,,,,,,,,,,,,,,,
49,9.96550677188854e-06,9.965506771888541e-05,1.0,13.608194583171123,8.600348923657391,3.5998417944521517,3.5998417944521517,3.6025617380399964,0.0,0.0,0.3282372291023667,2.594110617766509,0.14153560351681066,1.9616913118877926,0.02965450075429839,0.0007894544758380869,0.0,1.2069385180602203,0.3223371239932808,0.3284409771094451,0.0,0.0,0.0,2.9010039600166113,41.90154998366897,8.588212966918945,42.355308532714844,71.48811340332031,1.0003628730773926,0.4033420979976654,0.25,3.0181963443756104,0.4347493350505829,0.19501984119415283,0.007654010285589233,0.0,0.22004366283481186,0.13925854761052775,0.3671322054156588,1.0,0.4638827499505636,0.3671792713371483,1.0,0.17364841457959768,0.0,0.4621746950858348,0.36392436961869934,0.0,0.17390093207359314,,,,,,,,,,,,,,,,,,,,,,,,,,,,,,,,,,,,
50,9.963669799718686e-06,9.963669799718686e-05,1.0,13.144927926965662,8.1521594588821,3.5715400077201225,3.5715400077201225,3.5744315675787024,0.0,0.0,0.3296898635658058,2.6173715591430664,0.13907688453390793,1.9929710787695807,0.030284705143925304,0.0008315311208354762,0.0,1.2223915087210167,0.32309783874331294,0.32988680133948456,0.0,0.0,0.0,3.0081625371365934,40.674755199535475,7.834944248199463,40.65322494506836,70.65525817871094,1.000478982925415,0.4148332476615906,0.25,3.0814409255981445,0.4383586645126343,0.2021237015724182,0.009968267863004705,0.0,0.20279203959413478,0.13831506770204854,0.31794626663418135,1.0,0.46886288716986374,0.3666495052543846,1.0,0.1693790740257985,0.0,0.46719935778025035,0.3629886371058387,0.0,0.1698120047111769,191.62750715737815,306.60038586980176,0.4873903401743479,-109.91198682261037,191.62750719805834,246.5121096712729,301.6106418399034,336.2579184615437,160.3502071925572,97.95034872838693,459.09043187680453,0.34058935309521743,0.3229857244840555,0.2575682062910796,0.18986105729353106,0.0,0.3059694886569372,0.20668955183418614,0.03460033023017302,1.0675668724447622,0.7404089260195669,0.8448206368399839,0.924627166465135,0.24040892601956687,0.04482063683998383,-0.02537283353486497,0.0,0.0,0.4835164835164835,0.5164835164835165,0.9871794871794873,1.8277649682956738,1.7991265539939587,1.7783702192725717,-7.984564781188965,0.00034062270424328744
51,9.96178536094628e-06,9.961785360946278e-05,1.0,13.612648293778703,8.603036674293312,3.5981314182281494,3.5981314182281494,3.6048098963660165,0.0,0.0,0.3284288588407877,2.5815147773639575,0.1390294495063859,1.9862568926166844,0.02940111723099206,0.0009180779369843721,0.0,1.2337045862868026,0.32224941092568476,0.3286414049767159,0.0,0.0,0.0,2.9018477684742696,41.243943394841374,8.488157272338867,41.374149322509766,70.65525817871094,1.0004665851593018,0.4111512303352356,0.25,3.0911831855773926,0.44110405445098877,0.2021191269159317,0.009806871648976912,0.0,0.2537121724438023,0.16216958898144798,0.3608127374441648,1.0,0.4730055831574105,0.36446599380390066,1.0,0.1673525724862073,0.0,0.4713456010496294,0.36083951592445374,0.0,0.16781487899857597,,,,,,,,,,,,,,,,,,,,,,,,,,,,,,,,,,,,
52,9.959853474547597e-06,9.959853474547597e-05,1.0,12.953066052617254,7.969305193102038,3.5789617976626835,3.5789617976626835,3.5843703940108016,0.0,0.0,0.3287531064974295,2.5695832677789636,0.13998066593666333,1.9618276357650757,0.029722461829314362,0.0011748145208568185,0.0,1.2478034560744826,0.3209298236950024,0.32899743721291824,0.0,0.0,0.0,3.0131623680527144,39.760993235820045,7.789170265197754,39.711490631103516,68.74945068359375,1.0005186796188354,0.41369226574897766,0.25,2.8783466815948486,0.4448226988315582,0.20514246821403503,0.010572819783346099,0.0,0.3235292972342388,0.20910549566552444,0.3536736936867583,1.0,0.4783530895774429,0.3628386597375612,1.0,0.16367634083773638,0.0,0.476934034276653,0.35896938797589895,0.0,0.16409657573377764,,,,,,,,,,,,,,,,,,,,,,,,,,,,,,,,,,,,
53,9.957874159976716e-06,9.957874159976717e-05,1.0,13.85739264617095,8.871347955755285,3.5718833949114823,3.5718833949114823,3.5718942526224495,0.0,0.0,0.3285685294383281,2.5845732560028902,0.1409191706696072,1.9866278815913845,0.03016112618953795,0.000746283692786017,0.0,1.254130160486376,0.32291900306134613,0.3287451637757791,0.0,0.0,0.0,2.7259404401521423,41.57724040263408,9.450746536254883,41.617286682128906,70.10540771484375,1.000571608543396,0.42586982250213623,0.25,2.9484949111938477,0.44864022731781006,0.2130458652973175,0.01170259328154065,0.0,0.20077604377591932,0.13796387894733533,0.3128469096576429,1.0,0.4842494991985527,0.3590888195746654,1.0,0.16146739189689224,0.0,0.48262733865428614,0.35490459525907364,0.0,0.16246806568390615,,,,,,,,,,,,,,,,,,,,,,,,,,,,,,,,,,,,
54,9.955847437165313e-06,9.955847437165312e-05,1.0,13.720318072551006,8.738418501776618,3.551282496065707,3.551282496065707,3.5533766231021366,0.0,0.0,0.32894681192733144,2.6246939478693783,0.13806930164227615,2.031504843686078,0.03087114849807443,0.0012732869048753905,0.0,1.2489705730128933,0.3214600714477333,0.32916694315704137,0.0,0.0,0.0,3.1296084635966532,38.6941131385597,6.721245288848877,39.095821380615234,67.41971588134766,1.000614881515503,0.4150487780570984,0.25,2.969609260559082,0.45120769739151,0.2091486155986786,0.011844840792209214,0.0,0.3267031440863738,0.22543838861826304,0.30995953758356964,1.0,0.4877238539425102,0.3590430166270282,1.0,0.15824847930186503,0.0,0.4866514793924383,0.3549902173312935,0.0,0.15835830488720457,,,,,,,,,,,,,,,,,,,,,,,,,,,,,,,,,,,,
55,9.95377332652246e-06,9.95377332652246e-05,1.0,12.149660522873337,7.197949035747631,3.561499157467404,3.561499157467404,3.560908555984497,0.0,0.0,0.3288684672600514,2.500591858013256,0.1387332619444744,1.948035021085997,0.031307076984966126,0.001121853364983926,0.0,1.2765037691270984,0.320532575652406,0.32906366200060455,0.0,0.0,0.0,2.9722432316960514,39.69500392192119,7.758803367614746,39.711490631103516,68.4814224243164,1.0007388591766357,0.42491352558135986,0.25,2.846144676208496,0.45509761571884155,0.2156374305486679,0.01418918918918919,0.0,0.2537896846597259,0.18040030207988378,0.2891740169748843,1.0,0.49361624025009776,0.35583065732105357,1.0,0.15547934013444023,0.0,0.4927270251351434,0.35139693762805013,0.0,0.15587603763954058,166.03102612757422,274.90109909478355,0.4384196414332162,-80.28365449590997,166.0310276297162,217.28700370090743,267.83693120812643,303.87486614930646,158.2390147617885,87.06262340102084,388.67163550335425,0.3955021843858286,0.3441206027529665,0.24123000438487271,0.16505499609762567,0.0,0.3137226819227078,0.24207880303007528,0.041601422704514356,1.0021996289210071,0.7407936682422777,0.8598255835257045,0.9357297277490748,0.24079366824227766,0.05982558352570444,-0.014270272250925142,0.0,0.0,0.554945054945055,0.44505494505494503,0.9569597069597069,1.7304696905743944,1.6840206728531764,1.64685220345036,-7.9819865226745605,0.0003415019018575549
56,9.951651848934432e-06,9.951651848934431e-05,1.0,12.570844212093869,7.6340536813478215,3.5511721533698006,3.5511721533698006,3.547621172827643,0.0,0.0,0.32897257724323786,2.472178633148606,0.1379356221170039,1.9525142167065594,0.030610069632530212,0.0010539688849569978,0.0,1.2919199563361503,0.32009337077269684,0.32917571712184596,0.0,0.0,0.0,2.938099171664264,39.610780045792865,7.608734607696533,39.711490631103516,68.21443939208984,1.0007283687591553,0.4334922432899475,0.25,2.75014066696167,0.45959940552711487,0.22238504886627197,0.013959404748878433,0.0,0.2596716216287097,0.18387418542359327,0.2918972652063423,1.0,0.5003642802302902,0.3524922374132517,1.0,0.1519273442996515,0.0,0.4995425867067801,0.3478145776568232,0.0,0.15264283281725807,,,,,,,,,,,,,,,,,,,,,,,,,,,,,,,,,,,,
57,9.949483025764483e-06,9.949483025764483e-05,1.0,13.420861965901143,8.459489461537954,3.547510391957051,3.547510391957051,3.5529113202481657,0.0,0.0,0.32835214363562093,2.5658098233712687,0.13912636545058843,1.992762543059684,0.03161796841871094,0.0011349332485838819,0.0,1.312659866101033,0.3206131184423292,0.3285606978712855,0.0,0.0,0.0,3.0522312022544242,38.215431728878535,6.84712028503418,38.41459655761719,66.37447357177734,1.000739336013794,0.43053898215293884,0.25,3.2059061527252197,0.46390727162361145,0.22325436770915985,0.014416238100448626,0.0,0.26561976445687785,0.18318839612844828,0.3103359740453799,1.0,0.5068819216779761,0.34898154075081284,1.0,0.14879826516718478,0.0,0.5066652636270266,0.3441276808042784,0.0,0.14920706281790863,,,,,,,,,,,,,,,,,,,,,,,,,,,,,,,,,,,,
58,9.947266878852637e-06,9.947266878852636e-05,1.0,12.745296426721522,7.78797706397804,3.5667824165241138,3.5667824165241138,3.561045943079768,0.0,0.0,0.32857403561875625,2.4818608438646472,0.13929568170695691,1.9575621211850964,0.031949625174338754,0.0012169345801167593,0.0,1.3205829955436088,0.32011210918426514,0.3287724780069815,0.0,0.0,0.0,2.9558287440119564,38.74109979577967,7.447009563446045,38.79157638549805,66.89505004882812,1.0008295774459839,0.43163925409317017,0.25,2.9830403327941895,0.46917158365249634,0.22710366547107697,0.015176715176715178,0.0,0.30069661382082347,0.21346505046696276,0.2900982563303473,1.0,0.5150471796860566,0.3436298289814511,1.0,0.14591661860813965,0.0,0.5150730368253347,0.33842553480251414,0.0,0.1465014259557466,,,,,,,,,,,,,,,,,,,,,,,,,,,,,,,,,,,,
59,9.945003430515472e-06,9.945003430515471e-05,1.0,13.150143700676995,8.236784548372835,3.5195842949119776,3.5195842949119776,3.509457968376778,0.0,0.0,0.3277046253552308,2.485993398202432,0.13911209396413854,1.964422177624058,0.03223667837478019,0.0011627560959675827,0.0,1.3453495728003013,0.3207877383038804,0.3278955615855552,0.0,0.0,0.0,2.908546376872707,38.679842562288854,7.35306453704834,39.24884033203125,65.85794067382812,1.00066339969635,0.429765909910202,0.25,3.1276118755340576,0.4749357998371124,0.23047186434268951,0.01333296859612649,0.0,0.3274468646661655,0.22850035010157405,0.3021757886289984,1.0,0.5240864947035506,0.3373178549714991,1.0,0.14289978589560534,0.0,0.5242360814197643,0.33214022420548106,0.0,0.1436236895419456,,,,,,,,,,,,,,,,,,,,,,,,,,,,,,,,,,,,
60,9.942692703545886e-06,9.942692703545886e-05,1.0,12.90980205020389,7.9824394019874365,3.54208593755155,3.54208593755155,3.5339229880152523,0.0,0.0,0.328104634542723,2.4484013608984045,0.13687136688747922,1.9559592588527783,0.03160418006213936,0.0011525943087149612,0.0,1.3613490381756344,0.3210854312858066,0.32832039771853266,0.0,0.0,0.0,2.8096574899312614,39.16588623459275,8.020745277404785,39.4024543762207,66.6342544555664,1.0008296966552734,0.4374484121799469,0.25,2.886427402496338,0.48083433508872986,0.23827798664569855,0.0166128679286574,0.0,0.3300655685566567,0.20871409693279783,0.3676586811357409,1.0,0.5333105647886122,0.3308992305317441,1.0,0.14013718551880605,0.0,0.53386350096883,0.32531551170993495,0.0,0.14082098933490547,159.75804370838208,268.33255490128744,0.3915128718746137,-102.50245697943718,159.75804392233505,203.85963272073917,250.65181999864365,285.4420638431201,138.98653629847936,76.56096445127974,396.2324736221977,0.38953576690470715,0.3698430351627959,0.2791713347276359,0.202665108292529,0.0,0.33256821492121663,0.2829835863323053,0.10667113459837463,0.9662186189948415,0.7558902202191199,0.8729801033307684,0.9435894617273094,0.2558902202191199,0.07298010333076832,-0.006410538272690558,0.0,0.0,0.4835164835164835,0.5164835164835165,0.9065934065934066,1.656093180179596,1.6117871714817298,1.5724459739176782,-7.980962753295898,0.0003418516425881535
61,9.940334721212874e-06,9.940334721212874e-05,1.0,12.871709565858584,7.9022952414847705,3.5895244237538932,3.5895244237538932,3.59124274511595,0.0,0.0,0.3291075495449272,2.4157256725672127,0.1357476294443414,1.9602363399557166,0.030587510306488822,0.001269412479470358,0.0,1.3637728594444893,0.3211468256808616,0.3292897577221329,0.0,0.0,0.0,2.851440333031319,38.92452394640124,7.1827311515808105,39.63400650024414,66.1156997680664,1.0009338855743408,0.43765944242477417,0.25,3.1976327896118164,0.4870568811893463,0.24243898689746857,0.017105263157894738,0.0,0.37516329618724614,0.2678222101483796,0.28611830402857963,1.0,0.5431108071997359,0.3238092789778838,1.0,0.13732124542867816,0.0,0.544276116667567,0.31776076233064804,0.0,0.1379631234181894,,,,,,,,,,,,,,,,,,,,,,,,,,,,,,,,,,,,
62,9.93792950726129e-06,9.937929507261291e-05,1.0,12.838182913290488,7.9317441502132935,3.5242556043573328,3.5242556043573328,3.5193641701260128,0.0,0.0,0.327614067374049,2.433711387015678,0.1366409556688489,1.9556907350952561,0.031242114768640417,0.0012577011783267498,0.0,1.3803461693428658,0.3200923711866946,0.32783438627784317,0.0,0.0,0.0,2.9057228565216064,37.63595498574747,6.934600830078125,38.48969650268555,63.831703186035156,1.000809669494629,0.43359246850013733,0.25,2.9848392009735107,0.49266883730888367,0.24366939067840576,0.014922310974942553,0.0,0.4047951335842545,0.2640162056966408,0.34777821225538974,1.0,0.5520197507497426,0.3171681004601556,1.0,0.13453333240908547,0.0,0.5542622321360821,0.3108297554222313,0.0,0.13490801042801626,,,,,,,,,,,,,,,,,,,,,,,,,,,,,,,,,,,,
63,9.935477085911616e-06,9.935477085911616e-05,1.0,12.528248065226787,7.55802177738499,3.6094624416248218,3.6094624416248218,3.6018068210498706,0.0,0.0,0.32919473664180654,2.35462845982732,0.13527345878852381,1.9262570658245601,0.02926166494049736,0.0010994781977559968,0.0,1.3880323880427592,0.31983502168913147,0.32938799423140447,0.0,0.0,0.0,2.717811474928985,39.4922273996714,7.773972034454346,40.57390213012695,65.60118103027344,1.0009303092956543,0.43813544511795044,0.25,2.943014144897461,0.4994232654571533,0.2495899647474289,0.01734051865630813,0.0,0.4038417697758288,0.27117181055851886,0.328519655831923,1.0,0.5628491575653488,0.30842077329352097,1.0,0.13255413963988022,0.0,0.565729334547713,0.3015674948692322,0.0,0.1327031653475117,,,,,,,,,,,,,,,,,,,,,,,,,,,,,,,,,,,,
64,9.932977481859705e-06,9.932977481859704e-05,1.0,12.047924557247677,7.144411512323328,3.5419739645880624,3.5419739645880624,3.5316789472425305,0.0,0.0,0.3279071055554055,2.35566973364031,0.13468130174520854,1.9301083925608042,0.02934747506436464,0.0011208984171782897,0.0,1.4074849276929289,0.3194338590712161,0.32811525625151555,0.0,0.0,0.0,2.8201999535431734,37.265291987238705,7.04380464553833,38.33964157104492,62.10995101928711,1.0006986856460571,0.4236222803592682,0.25,2.947307586669922,0.5091480612754822,0.251514196395874,0.013300142247510669,0.0,0.42704498707442673,0.28312230935773336,0.3370199442046373,1.0,0.5782131826555407,0.2972930162339597,1.0,0.127430157484235,0.0,0.5818382823789442,0.29066471554137563,0.0,0.1274970051001858,,,,,,,,,,,,,,,,,,,,,,,,,,,,,,,,,,,,
65,9.930430720276543e-06,9.930430720276542e-05,1.0,12.335407257080078,7.417706940625165,3.5347103106008992,3.5347103106008992,3.5217822435739876,0.0,0.0,0.32872304159241755,2.420209955524754,0.135156358214649,1.9611494798918028,0.031731826580456785,0.0014123063057824667,0.0,1.4178077465779073,0.31928356515394674,0.32892344851751587,0.0,0.0,0.0,2.8765523175935486,36.91673237568623,7.036929130554199,38.041282653808594,61.14702606201172,1.0007712841033936,0.42897507548332214,0.25,3.056610345840454,0.5156200528144836,0.25934699177742004,0.014585840901630375,0.0,0.47985272995523504,0.3213225059412621,0.33037266252244113,1.0,0.5883690602070576,0.2900929185184273,1.0,0.12443089505305162,0.0,0.5923448221103566,0.28326620685087667,0.0,0.12438896821962821,142.40249367598648,247.81422392165095,0.3423666526286955,-91.05819670708625,142.40249251192662,181.33827115758314,224.83560345320535,261.0070072335199,110.2357646397182,68.51477651078572,354.5042897100034,0.32230702511158404,0.38408198608268984,0.28668914228254194,0.19935768802443588,0.0,0.3356762706946204,0.3130318534634283,0.127975172157368,0.9314059308140752,0.7643362280605328,0.8857498809131216,0.9506613902018981,0.2643362280605328,0.08574988091312152,0.0006613902018981488,0.0,0.0,0.532967032967033,0.46703296703296704,0.8891941391941391,1.5767171861051203,1.523501082436069,1.4752842495729634,-7.981298446655273,0.00034173691528849304
66,9.92783682680799e-06,9.92783682680799e-05,1.0,12.233303765992861,7.314475123946731,3.5540929098387024,3.5540929098387024,3.5413606746776685,0.0,0.0,0.3286177056866723,2.3465936570554167,0.13517212162952166,1.9382341036925446,0.031825564348617115,0.0014356733299791813,0.0,1.4415217122516117,0.31907295939084646,0.3288136342087308,0.0,0.0,0.0,2.8101452685691215,37.37946505159945,7.447009563446045,38.56494903564453,61.626609802246094,1.0008907318115234,0.4356423616409302,0.25,2.9451191425323486,0.5212673544883728,0.2666338384151459,0.016311959733012363,0.0,0.49752956669072845,0.3431885494170962,0.31021476432087675,1.0,0.5972241727081505,0.2838147620897035,1.0,0.12192786545366854,0.0,0.6019030471105833,0.27638132588283437,0.0,0.12171563888723785,,,,,,,,,,,,,,,,,,,,,,,,,,,,,,,,,,,,
67,9.925195827574523e-06,9.925195827574523e-05,1.0,12.024168014526367,7.1340669554633065,3.5345822347177043,3.5345822347177043,3.5227379218952075,0.0,0.0,0.3278523321087296,2.317640562315245,0.13453147540221344,1.9223335433650661,0.030007596983498818,0.0012060747697408235,0.0,1.4694791710054553,0.3189622800092439,0.32801929116249084,0.0,0.0,0.0,2.763534533010947,37.618865657497096,7.638514518737793,38.56494903564453,61.626609802246094,1.000961184501648,0.44616055488586426,0.25,3.142756462097168,0.5256443619728088,0.27478253841400146,0.018131086552139183,0.0,0.39746218074012446,0.29029593294536743,0.2696262763798056,1.0,0.6041023247950786,0.27889051791783925,1.0,0.11996517874099114,0.0,0.6094170019433305,0.2708677238709218,0.0,0.11971527156797615,,,,,,,,,,,,,,,,,,,,,,,,,,,,,,,,,,,,
68,9.922507749170978e-06,9.922507749170979e-05,1.0,12.061168155154666,7.14014652613047,3.5508909869838403,3.5508909869838403,3.535566246187365,0.0,0.0,0.3293143349724847,2.3404125845110095,0.13442345406558062,1.950040891363814,0.03170762553408339,0.0012251118267257069,0.0,1.4926940073838104,0.32179004759401886,0.329492356326129,0.0,0.0,0.0,2.7431439515706657,37.858487825135924,7.608734607696533,39.095821380615234,61.626609802246094,1.0009140968322754,0.446715384721756,0.25,2.996619939804077,0.531798243522644,0.28049665689468384,0.01669219827114564,0.0,0.38219096833789673,0.26351743030387004,0.3105084836256698,1.0,0.6139137003872845,0.2713197993265616,1.0,0.11740304126932814,0.0,0.6192398039070336,0.2634685683894802,0.0,0.11729163334176347,,,,,,,,,,,,,,,,,,,,,,,,,,,,,,,,,,,,
