id,height,width,cat,gt,y0,y_final,oracle,abs_err_y0,bias_y0,abs_err_final,bias_final,abs_err_oracle,bias_oracle
IMG_1,768,1024,dense,1546.0000,2268.2822,2097.8081,1547.0132,722.2822,722.2822,551.8081,551.8081,1.0132,1.0132
IMG_2,713,1024,dense,707.0000,688.4513,643.8538,704.0192,18.5487,-18.5487,63.1462,-63.1462,2.9808,-2.9808
IMG_3,664,1000,medium,262.0000,258.3471,237.7040,261.2075,3.6529,-3.6529,24.2960,-24.2960,0.7925,-0.7925
IMG_4,746,1024,medium,413.0000,385.8516,361.5772,411.4449,27.1484,-27.1484,51.4228,-51.4228,1.5551,-1.5551
IMG_5,683,1024,dense,585.0000,697.1461,637.7803,584.3078,112.1461,112.1461,52.7803,52.7803,0.6922,-0.6922
IMG_6,768,1024,dense,554.0000,698.4443,646.2571,553.1842,144.4443,144.4443,92.2571,92.2571,0.8158,-0.8158
IMG_7,590,1024,dense,1652.0000,2056.5198,1952.2151,1652.2972,404.5198,404.5198,300.2151,300.2151,0.2972,0.2972
IMG_8,465,700,medium,145.0000,166.7563,153.3936,144.5230,21.7563,21.7563,8.3936,8.3936,0.4770,-0.4770
IMG_9,536,800,medium,189.0000,210.0112,196.4034,188.8349,21.0112,21.0112,7.4034,7.4034,0.1651,-0.1651
IMG_10,683,1024,dense,920.0000,982.7202,913.1874,917.2812,62.7202,62.7202,6.8126,-6.8126,2.7188,-2.7188
IMG_11,686,1024,medium,248.0000,280.3823,254.0231,247.5072,32.3823,32.3823,6.0231,6.0231,0.4928,-0.4928
IMG_12,680,1024,dense,554.0000,613.6661,563.5144,551.1066,59.6661,59.6661,9.5144,9.5144,2.8934,-2.8934
IMG_13,747,1024,medium,388.0000,357.4518,332.5821,387.3029,30.5482,-30.5482,55.4179,-55.4179,0.6971,-0.6971
IMG_14,645,1024,medium,378.0000,391.2961,351.7019,376.7917,13.2961,13.2961,26.2981,-26.2981,1.2083,-1.2083
IMG_15,768,1024,medium,165.0000,173.9936,144.6516,163.7706,8.9936,8.9936,20.3484,-20.3484,1.2294,-1.2294
IMG_16,1024,1024,medium,161.0000,168.1981,149.3956,160.8596,7.1981,7.1981,11.6044,-11.6044,0.1404,-0.1404
IMG_17,478,600,medium,285.0000,164.6282,153.8254,284.7108,120.3718,-120.3718,131.1746,-131.1746,0.2892,-0.2892
IMG_18,793,1024,medium,280.0000,278.2414,246.6050,279.0788,1.7586,-1.7586,33.3950,-33.3950,0.9212,-0.9212
IMG_19,600,900,dense,707.0000,753.9050,738.7835,708.0394,46.9050,46.9050,31.7835,31.7835,1.0394,1.0394
IMG_20,688,1024,medium,408.0000,477.7644,446.2695,407.2661,69.7644,69.7644,38.2695,38.2695,0.7339,-0.7339
IMG_21,766,1024,medium,257.0000,287.2723,248.1618,257.2410,30.2723,30.2723,8.8382,-8.8382,0.2410,0.2410
IMG_22,630,961,dense,509.0000,465.2456,431.9066,508.9874,43.7544,-43.7544,77.0934,-77.0934,0.0126,-0.0126
IMG_23,800,600,medium,172.0000,200.3284,175.0652,170.5901,28.3284,28.3284,3.0652,3.0652,1.4099,-1.4099
IMG_24,769,1024,medium,160.0000,178.0945,148.4993,159.5583,18.0945,18.0945,11.5007,-11.5007,0.4417,-0.4417
IMG_25,768,1024,medium,220.0000,242.8210,208.6283,219.2839,22.8210,22.8210,11.3717,-11.3717,0.7161,-0.7161
IMG_26,716,1024,dense,1082.0000,1095.6947,1012.9333,1078.6625,13.6947,13.6947,69.0667,-69.0667,3.3375,-3.3375
IMG_27,572,945,dense,775.0000,836.3083,788.6376,774.7273,61.3083,61.3083,13.6376,13.6376,0.2727,-0.2727
IMG_28,375,500,dense,814.0000,745.0963,704.6873,810.2626,68.9037,-68.9037,109.3127,-109.3127,3.7374,-3.7374
IMG_29,450,770,dense,623.0000,644.2512,613.6568,621.3938,21.2512,21.2512,9.3432,-9.3432,1.6062,-1.6062
IMG_30,645,1024,dense,622.0000,585.1543,532.2964,618.8223,36.8457,-36.8457,89.7036,-89.7036,3.1777,-3.1777
IMG_31,1024,768,dense,975.0000,1176.9961,1112.6599,973.7386,201.9961,201.9961,137.6599,137.6599,1.2614,-1.2614
IMG_32,768,1024,medium,237.0000,234.4440,197.3127,236.4984,2.5560,-2.5560,39.6873,-39.6873,0.5016,-0.5016
IMG_33,768,1024,medium,263.0000,307.3761,280.4492,262.4183,44.3761,44.3761,17.4492,17.4492,0.5817,-0.5817
IMG_34,768,1024,dense,962.0000,1144.0496,1085.1897,956.9445,182.0496,182.0496,123.1897,123.1897,5.0555,-5.0555
IMG_35,653,1024,dense,652.0000,584.8844,553.8567,650.1064,67.1156,-67.1156,98.1433,-98.1433,1.8936,-1.8936
IMG_36,388,690,medium,135.0000,185.5720,166.9659,134.5801,50.5720,50.5720,31.9659,31.9659,0.4199,-0.4199
IMG_37,683,1024,medium,417.0000,429.4148,392.7871,416.0088,12.4148,12.4148,24.2129,-24.2129,0.9912,-0.9912
IMG_38,566,1024,medium,362.0000,376.3384,345.9554,360.6119,14.3384,14.3384,16.0446,-16.0446,1.3881,-1.3881
IMG_39,683,1024,medium,411.0000,579.8812,540.5862,410.0239,168.8812,168.8812,129.5862,129.5862,0.9761,-0.9761
IMG_40,388,576,medium,129.0000,156.4716,141.5125,128.9124,27.4716,27.4716,12.5125,12.5125,0.0876,-0.0876
IMG_41,683,1024,medium,402.0000,446.3271,424.0122,401.3611,44.3271,44.3271,22.0122,22.0122,0.6389,-0.6389
IMG_42,667,1000,medium,143.0000,147.4775,118.3302,143.6347,4.4775,4.4775,24.6698,-24.6698,0.6347,0.6347
IMG_43,683,1024,medium,240.0000,256.1383,228.1198,239.2577,16.1383,16.1383,11.8802,-11.8802,0.7423,-0.7423
IMG_44,683,1024,medium,280.0000,237.5552,216.9621,279.0649,42.4448,-42.4448,63.0379,-63.0379,0.9351,-0.9351
IMG_45,600,903,dense,760.0000,824.9836,768.6273,756.9730,64.9836,64.9836,8.6273,8.6273,3.0270,-3.0270
IMG_46,663,962,dense,799.0000,541.0959,504.5231,797.6914,257.9041,-257.9041,294.4769,-294.4769,1.3086,-1.3086
IMG_47,662,962,medium,371.0000,348.8926,336.1690,370.2247,22.1074,-22.1074,34.8310,-34.8310,0.7753,-0.7753
IMG_48,450,600,dense,753.0000,720.2264,686.0142,747.9841,32.7736,-32.7736,66.9858,-66.9858,5.0159,-5.0159
IMG_49,681,1024,medium,493.0000,555.9811,514.6953,492.9855,62.9811,62.9811,21.6953,21.6953,0.0145,-0.0145
IMG_50,985,985,dense,2348.0000,2209.8547,2134.4253,2341.8398,138.1453,-138.1453,213.5747,-213.5747,6.1602,-6.1602
IMG_51,656,1024,dense,569.0000,588.4885,553.2301,568.6516,19.4885,19.4885,15.7699,-15.7699,0.3484,-0.3484
IMG_52,768,1024,dense,1140.0000,1398.3601,1344.6360,1139.5403,258.3601,258.3601,204.6360,204.6360,0.4597,-0.4597
IMG_53,662,962,medium,257.0000,299.8145,267.8758,255.8818,42.8145,42.8145,10.8758,10.8758,1.1182,-1.1182
IMG_54,564,832,dense,507.0000,522.5054,496.5247,506.8116,15.5054,15.5054,10.4753,-10.4753,0.1884,-0.1884
IMG_55,551,1024,medium,206.0000,224.8324,204.3382,205.7337,18.8324,18.8324,1.6618,-1.6618,0.2663,-0.2663
IMG_56,663,962,dense,629.0000,695.6450,680.2138,626.8059,66.6450,66.6450,51.2138,51.2138,2.1941,-2.1941
IMG_57,1024,1024,medium,302.0000,369.9570,342.7630,301.2582,67.9570,67.9570,40.7630,40.7630,0.7418,-0.7418
IMG_58,681,1024,dense,1591.0000,2223.8450,2136.9058,1590.9717,632.8450,632.8450,545.9058,545.9058,0.0283,-0.0283
IMG_59,686,1024,medium,261.0000,331.7449,299.0295,260.1873,70.7449,70.7449,38.0295,38.0295,0.8127,-0.8127
IMG_60,768,1024,medium,280.0000,298.3083,273.9925,279.5233,18.3083,18.3083,6.0075,-6.0075,0.4767,-0.4767
IMG_61,683,1024,sparse,88.0000,133.0076,104.9231,87.9157,45.0076,45.0076,16.9231,16.9231,0.0843,-0.0843
IMG_62,340,620,dense,643.0000,698.3067,658.3040,638.7145,55.3067,55.3067,15.3040,15.3040,4.2855,-4.2855
IMG_63,768,1024,medium,241.0000,259.6158,228.4929,240.9368,18.6158,18.6158,12.5071,-12.5071,0.0632,-0.0632
IMG_64,768,1024,medium,212.0000,243.6150,217.7926,210.6568,31.6150,31.6150,5.7926,5.7926,1.3432,-1.3432
IMG_65,683,1024,medium,427.0000,484.8568,444.5660,424.4648,57.8568,57.8568,17.5660,17.5660,2.5352,-2.5352
IMG_66,768,1024,dense,850.0000,1026.1616,991.9020,846.8716,176.1616,176.1616,141.9020,141.9020,3.1284,-3.1284
IMG_67,683,1024,medium,163.0000,275.3943,245.7064,162.0672,112.3943,112.3943,82.7064,82.7064,0.9328,-0.9328
IMG_68,683,1024,medium,199.0000,239.7818,214.2899,197.4077,40.7818,40.7818,15.2899,15.2899,1.5923,-1.5923
IMG_69,596,1024,medium,367.0000,414.5282,356.2783,365.3067,47.5282,47.5282,10.7217,-10.7217,1.6933,-1.6933
IMG_70,768,1024,medium,418.0000,531.9244,505.3175,415.9043,113.9244,113.9244,87.3175,87.3175,2.0957,-2.0957
IMG_71,768,1024,dense,554.0000,577.5137,548.3878,553.0312,23.5137,23.5137,5.6122,-5.6122,0.9688,-0.9688
IMG_72,663,962,medium,268.0000,222.9644,217.7352,267.0596,45.0356,-45.0356,50.2648,-50.2648,0.9404,-0.9404
IMG_73,544,932,medium,318.0000,328.8360,307.5869,318.2247,10.8360,10.8360,10.4131,-10.4131,0.2247,0.2247
IMG_74,479,720,medium,424.0000,430.8085,386.1571,422.7878,6.8085,6.8085,37.8429,-37.8429,1.2122,-1.2122
IMG_75,681,1024,medium,296.0000,340.8741,306.8207,295.8758,44.8741,44.8741,10.8207,10.8207,0.1242,-0.1242
IMG_76,563,832,dense,686.0000,674.6290,650.4846,686.3462,11.3710,-11.3710,35.5154,-35.5154,0.3462,0.3462
IMG_77,684,1024,medium,139.0000,141.9765,117.9646,139.0600,2.9765,2.9765,21.0354,-21.0354,0.0600,0.0600
IMG_78,768,1024,medium,115.0000,124.8568,100.8859,114.9252,9.8568,9.8568,14.1141,-14.1141,0.0748,-0.0748
IMG_79,820,1024,dense,2020.0000,1941.3484,1842.4039,2016.1400,78.6516,-78.6516,177.5961,-177.5961,3.8600,-3.8600
IMG_80,426,634,medium,203.0000,189.9069,174.8531,205.0700,13.0931,-13.0931,28.1469,-28.1469,2.0700,2.0700
IMG_81,282,377,medium,297.0000,358.7013,350.8688,295.2620,61.7013,61.7013,53.8688,53.8688,1.7380,-1.7380
IMG_82,750,1000,medium,239.0000,245.6202,213.0088,238.2954,6.6202,6.6202,25.9912,-25.9912,0.7046,-0.7046
IMG_83,683,1024,dense,588.0000,601.7735,547.9237,587.0736,13.7735,13.7735,40.0763,-40.0763,0.9264,-0.9264
IMG_84,435,1024,dense,2143.0000,1944.1624,1863.6553,2142.2485,198.8376,-198.8376,279.3447,-279.3447,0.7515,-0.7515
IMG_85,267,496,medium,271.0000,279.6823,262.5772,269.3909,8.6823,8.6823,8.4228,-8.4228,1.6091,-1.6091
IMG_86,387,580,medium,254.0000,302.4263,292.1003,253.6829,48.4263,48.4263,38.1003,38.1003,0.3171,-0.3171
IMG_87,416,620,dense,631.0000,691.0648,671.6906,629.4600,60.0648,60.0648,40.6906,40.6906,1.5400,-1.5400
IMG_88,342,1018,medium,300.0000,325.2291,306.1129,299.6047,25.2291,25.2291,6.1129,6.1129,0.3953,-0.3953
IMG_89,410,563,medium,245.0000,259.1848,243.9461,243.7797,14.1848,14.1848,1.0539,-1.0539,1.2203,-1.2203
IMG_90,576,1024,medium,103.0000,123.0443,100.1758,102.3643,20.0443,20.0443,2.8242,-2.8242,0.6357,-0.6357
IMG_91,387,580,medium,320.0000,343.2430,326.4280,320.5416,23.2430,23.2430,6.4280,6.4280,0.5416,0.5416
IMG_92,1024,832,dense,2650.0000,2545.5688,2388.2554,2647.3047,104.4312,-104.4312,261.7446,-261.7446,2.6953,-2.6953
IMG_93,351,620,medium,273.0000,289.8194,275.6597,271.3055,16.8194,16.8194,2.6597,2.6597,1.6945,-1.6945
IMG_94,370,1024,dense,2230.0000,1865.9545,1833.5884,2233.7422,364.0455,-364.0455,396.4116,-396.4116,3.7422,3.7422
IMG_95,600,800,dense,556.0000,625.7112,558.3202,554.5297,69.7112,69.7112,2.3202,2.3202,1.4703,-1.4703
IMG_96,530,1024,medium,500.0000,502.5874,479.2819,499.2208,2.5874,2.5874,20.7181,-20.7181,0.7792,-0.7792
IMG_97,366,550,medium,222.0000,210.6069,188.9343,223.4197,11.3931,-11.3931,33.0657,-33.0657,1.4197,1.4197
IMG_98,512,1024,medium,314.0000,316.3645,289.1154,313.6923,2.3645,2.3645,24.8846,-24.8846,0.3077,-0.3077
IMG_99,688,1024,medium,431.0000,452.3891,412.4126,429.5018,21.3891,21.3891,18.5874,-18.5874,1.4982,-1.4982
IMG_100,654,1024,medium,371.0000,397.1181,365.3498,369.0833,26.1181,26.1181,5.6502,-5.6502,1.9167,-1.9167
IMG_101,768,1024,medium,298.0000,366.6561,332.1545,295.8764,68.6561,68.6561,34.1545,34.1545,2.1236,-2.1236
IMG_102,768,1024,medium,184.0000,229.2531,204.7321,182.9989,45.2531,45.2531,20.7321,20.7321,1.0011,-1.0011
IMG_103,400,400,sparse,43.0000,46.8499,39.2774,43.3426,3.8499,3.8499,3.7226,-3.7226,0.3426,0.3426
IMG_104,405,540,medium,360.0000,316.0093,299.7733,358.7018,43.9907,-43.9907,60.2267,-60.2267,1.2982,-1.2982
IMG_105,632,990,medium,147.0000,171.2321,146.2045,147.2889,24.2321,24.2321,0.7955,-0.7955,0.2889,0.2889
IMG_106,675,1024,dense,584.0000,606.2063,559.3842,582.5575,22.2063,22.2063,24.6158,-24.6158,1.4425,-1.4425
IMG_107,517,800,medium,121.0000,122.8592,106.0645,121.5321,1.8592,1.8592,14.9355,-14.9355,0.5321,0.5321
IMG_108,767,1024,dense,733.0000,874.1372,830.0555,727.0704,141.1372,141.1372,97.0555,97.0555,5.9296,-5.9296
IMG_109,681,1024,dense,862.0000,809.7251,746.8774,861.7299,52.2749,-52.2749,115.1226,-115.1226,0.2701,-0.2701
IMG_110,498,1024,medium,228.0000,297.0013,280.3654,226.8344,69.0013,69.0013,52.3654,52.3654,1.1656,-1.1656
IMG_111,768,1024,dense,723.0000,745.0793,704.1567,721.2037,22.0793,22.0793,18.8433,-18.8433,1.7963,-1.7963
IMG_112,327,1024,dense,2672.0000,1868.0670,1856.1438,2673.4155,803.9330,-803.9330,815.8562,-815.8562,1.4155,1.4155
IMG_113,390,600,dense,544.0000,480.4827,453.8244,542.3649,63.5173,-63.5173,90.1756,-90.1756,1.6351,-1.6351
IMG_114,375,500,medium,259.0000,282.6991,265.6867,256.9026,23.6991,23.6991,6.6867,6.6867,2.0974,-2.0974
IMG_115,611,1021,medium,288.0000,309.5909,285.7265,287.5361,21.5909,21.5909,2.2735,-2.2735,0.4639,-0.4639
IMG_116,640,640,dense,614.0000,608.6608,572.7334,611.6044,5.3392,-5.3392,41.2666,-41.2666,2.3956,-2.3956
IMG_117,579,840,medium,358.0000,414.4141,387.7511,355.9766,56.4141,56.4141,29.7511,29.7511,2.0234,-2.0234
IMG_118,651,1024,dense,1620.0000,1573.4160,1510.0653,1617.9866,46.5840,-46.5840,109.9347,-109.9347,2.0134,-2.0134
IMG_119,594,1024,medium,216.0000,224.7686,195.4150,215.8194,8.7686,8.7686,20.5850,-20.5850,0.1806,-0.1806
IMG_120,768,1024,dense,2261.0000,2887.8076,2715.9565,2260.7651,626.8076,626.8076,454.9565,454.9565,0.2349,-0.2349
IMG_121,373,561,medium,156.0000,156.2300,140.5296,153.4650,0.2300,0.2300,15.4704,-15.4704,2.5350,-2.5350
IMG_122,787,1024,medium,466.0000,539.6034,499.1616,465.2185,73.6034,73.6034,33.1616,33.1616,0.7815,-0.7815
IMG_123,774,1024,medium,252.0000,265.5721,228.7903,251.5909,13.5721,13.5721,23.2097,-23.2097,0.4091,-0.4091
IMG_124,768,1024,dense,752.0000,789.6036,741.2108,751.5096,37.6036,37.6036,10.7892,-10.7892,0.4904,-0.4904
IMG_125,565,849,sparse,66.0000,59.8274,43.2106,65.9953,6.1726,-6.1726,22.7894,-22.7894,0.0047,-0.0047
IMG_126,576,1024,medium,279.0000,269.1153,243.8371,279.0180,9.8847,-9.8847,35.1629,-35.1629,0.0180,0.0180
IMG_127,300,400,medium,142.0000,127.9675,121.8959,141.2553,14.0325,-14.0325,20.1041,-20.1041,0.7447,-0.7447
IMG_128,683,1024,dense,1456.0000,1523.4401,1430.9307,1456.6948,67.4401,67.4401,25.0693,-25.0693,0.6948,0.6948
IMG_129,689,998,medium,256.0000,245.0858,215.5306,255.4309,10.9142,-10.9142,40.4694,-40.4694,0.5691,-0.5691
IMG_130,680,1024,dense,1177.0000,1171.1147,1140.8374,1174.0566,5.8853,-5.8853,36.1626,-36.1626,2.9434,-2.9434
IMG_131,498,390,dense,603.0000,494.7794,474.0942,605.3110,108.2206,-108.2206,128.9058,-128.9058,2.3110,2.3110
IMG_132,800,600,medium,200.0000,259.6914,229.6191,201.1022,59.6914,59.6914,29.6191,29.6191,1.1022,1.1022
IMG_133,683,1024,dense,827.0000,735.9709,679.2772,824.3701,91.0291,-91.0291,147.7228,-147.7228,2.6299,-2.6299
IMG_134,1024,1024,dense,960.0000,872.9835,824.3304,956.1433,87.0165,-87.0165,135.6696,-135.6696,3.8567,-3.8567
IMG_135,182,420,medium,354.0000,215.0935,205.7245,350.3438,138.9065,-138.9065,148.2755,-148.2755,3.6562,-3.6562
IMG_136,500,666,dense,701.0000,680.7815,627.9795,700.9029,20.2185,-20.2185,73.0205,-73.0205,0.0971,-0.0971
IMG_137,585,1024,dense,1357.0000,1486.2393,1328.1755,1353.5090,129.2393,129.2393,28.8245,-28.8245,3.4910,-3.4910
IMG_138,652,1024,medium,423.0000,459.6828,433.3388,422.2405,36.6828,36.6828,10.3388,10.3388,0.7595,-0.7595
IMG_139,370,545,medium,212.0000,158.2756,149.3247,212.5499,53.7244,-53.7244,62.6753,-62.6753,0.5499,0.5499
IMG_140,768,1024,medium,357.0000,440.5859,390.2554,354.9199,83.5859,83.5859,33.2554,33.2554,2.0801,-2.0801
IMG_141,427,640,medium,406.0000,448.6241,418.8397,404.3455,42.6241,42.6241,12.8397,12.8397,1.6545,-1.6545
IMG_142,455,670,medium,320.0000,316.8069,292.9752,318.4341,3.1931,-3.1931,27.0248,-27.0248,1.5659,-1.5659
IMG_143,605,1024,dense,1296.0000,1275.5503,1199.5685,1295.0940,20.4497,-20.4497,96.4315,-96.4315,0.9060,-0.9060
IMG_144,768,1024,dense,777.0000,647.0087,608.2222,775.7817,129.9913,-129.9913,168.7778,-168.7778,1.2183,-1.2183
IMG_145,561,1024,medium,350.0000,453.3165,419.0508,348.2479,103.3165,103.3165,69.0508,69.0508,1.7521,-1.7521
IMG_146,680,1024,medium,284.0000,196.1352,160.1082,280.8541,87.8648,-87.8648,123.8918,-123.8918,3.1459,-3.1459
IMG_147,768,1024,medium,369.0000,393.2671,358.2772,367.4752,24.2671,24.2671,10.7228,-10.7228,1.5248,-1.5248
IMG_148,680,1024,medium,102.0000,109.1979,86.2678,101.5126,7.1979,7.1979,15.7322,-15.7322,0.4874,-0.4874
IMG_149,683,1024,dense,2072.0000,2299.0303,2219.7158,2071.7620,227.0303,227.0303,147.7158,147.7158,0.2380,-0.2380
IMG_150,450,970,dense,989.0000,867.0880,821.2733,986.7903,121.9120,-121.9120,167.7267,-167.7267,2.2097,-2.2097
IMG_151,449,716,dense,987.0000,940.1893,920.3442,982.9396,46.8107,-46.8107,66.6558,-66.6558,4.0604,-4.0604
IMG_152,600,800,medium,442.0000,507.0896,462.2469,440.1490,65.0896,65.0896,20.2469,20.2469,1.8510,-1.8510
IMG_153,400,600,dense,705.0000,696.3750,676.4122,704.6948,8.6250,-8.6250,28.5878,-28.5878,0.3052,-0.3052
IMG_154,416,624,medium,211.0000,250.8896,234.6626,209.0140,39.8896,39.8896,23.6626,23.6626,1.9860,-1.9860
IMG_155,409,620,medium,411.0000,442.4178,407.0563,408.3041,31.4178,31.4178,3.9437,-3.9437,2.6959,-2.6959
IMG_156,625,1024,dense,728.0000,610.3810,574.7953,727.0219,117.6190,-117.6190,153.2047,-153.2047,0.9781,-0.9781
IMG_157,450,299,sparse,33.0000,36.7839,30.1010,33.1116,3.7839,3.7839,2.8990,-2.8990,0.1116,0.1116
IMG_158,671,1024,medium,321.0000,366.5480,340.9641,319.2209,45.5480,45.5480,19.9641,19.9641,1.7791,-1.7791
IMG_159,267,400,medium,238.0000,336.4308,308.1932,238.0203,98.4308,98.4308,70.1932,70.1932,0.0203,0.0203
IMG_160,540,1024,medium,225.0000,238.0315,214.6312,225.3617,13.0315,13.0315,10.3688,-10.3688,0.3617,0.3617
IMG_161,480,640,sparse,81.0000,87.3783,74.0928,80.5317,6.3783,6.3783,6.9072,-6.9072,0.4683,-0.4683
IMG_162,480,720,medium,232.0000,247.7394,223.9397,231.8994,15.7394,15.7394,8.0603,-8.0603,0.1006,-0.1006
IMG_163,615,970,medium,456.0000,405.6935,377.7245,454.5061,50.3065,-50.3065,78.2755,-78.2755,1.4939,-1.4939
IMG_164,462,650,dense,652.0000,530.0380,505.2693,648.9980,121.9620,-121.9620,146.7307,-146.7307,3.0020,-3.0020
IMG_165,274,939,medium,468.0000,321.7889,312.9908,469.4147,146.2111,-146.2111,155.0092,-155.0092,1.4147,1.4147
IMG_166,683,1024,dense,899.0000,848.5278,800.8666,894.6904,50.4722,-50.4722,98.1334,-98.1334,4.3096,-4.3096
IMG_167,830,1024,medium,271.0000,285.6168,246.9081,268.8232,14.6168,14.6168,24.0919,-24.0919,2.1768,-2.1768
IMG_168,944,1024,dense,915.0000,1006.3082,966.6403,910.6361,91.3082,91.3082,51.6403,51.6403,4.3639,-4.3639
IMG_169,649,800,medium,269.0000,234.4967,210.9612,268.7625,34.5033,-34.5033,58.0388,-58.0388,0.2375,-0.2375
IMG_170,480,722,dense,754.0000,931.7769,896.7578,752.0949,177.7769,177.7769,142.7578,142.7578,1.9051,-1.9051
IMG_171,351,600,dense,1407.0000,1111.5594,1041.3511,1404.0879,295.4406,-295.4406,365.6489,-365.6489,2.9121,-2.9121
IMG_172,685,1024,medium,321.0000,399.3510,372.6504,320.3860,78.3510,78.3510,51.6504,51.6504,0.6140,-0.6140
IMG_173,512,1024,medium,402.0000,418.6151,389.3451,400.1747,16.6151,16.6151,12.6549,-12.6549,1.8253,-1.8253
IMG_174,512,1024,medium,167.0000,195.1897,166.7887,165.5924,28.1897,28.1897,0.2113,-0.2113,1.4076,-1.4076
IMG_175,360,640,medium,175.0000,169.9802,151.1731,175.0120,5.0198,-5.0198,23.8269,-23.8269,0.0120,0.0120
IMG_176,380,594,medium,422.0000,395.2298,369.4875,418.5862,26.7702,-26.7702,52.5125,-52.5125,3.4138,-3.4138
IMG_177,768,1024,dense,578.0000,668.6071,626.9409,576.7678,90.6071,90.6071,48.9409,48.9409,1.2322,-1.2322
IMG_178,688,1024,dense,1156.0000,1137.0742,1085.9846,1154.0986,18.9258,-18.9258,70.0154,-70.0154,1.9014,-1.9014
IMG_179,616,1024,medium,341.0000,361.5933,330.5606,340.2090,20.5933,20.5933,10.4394,-10.4394,0.7910,-0.7910
IMG_180,386,509,medium,468.0000,437.1992,421.0869,467.8135,30.8008,-30.8008,46.9131,-46.9131,0.1865,-0.1865
IMG_181,639,1024,dense,689.0000,716.6123,676.2079,685.9955,27.6123,27.6123,12.7921,-12.7921,3.0045,-3.0045
IMG_182,680,1024,medium,402.0000,453.0938,418.7117,400.0084,51.0938,51.0938,16.7117,16.7117,1.9916,-1.9916
IMG_183,687,1024,dense,600.0000,654.0579,627.9768,598.3837,54.0579,54.0579,27.9768,27.9768,1.6163,-1.6163
IMG_184,617,1024,dense,1573.0000,1980.0261,1905.2793,1573.6714,407.0261,407.0261,332.2793,332.2793,0.6714,0.6714
IMG_185,800,583,dense,978.0000,1094.9366,1048.3083,981.5093,116.9366,116.9366,70.3083,70.3083,3.5093,3.5093
IMG_186,653,460,dense,1655.0000,1670.1815,1627.3625,1652.2640,15.1815,15.1815,27.6375,-27.6375,2.7360,-2.7360
IMG_187,387,1024,medium,407.0000,437.7927,420.6943,408.4916,30.7927,30.7927,13.6943,13.6943,1.4916,1.4916
IMG_188,649,1024,medium,111.0000,124.2793,99.8421,110.8787,13.2793,13.2793,11.1579,-11.1579,0.1213,-0.1213
IMG_189,280,692,medium,498.0000,595.8452,558.2275,497.2098,97.8452,97.8452,60.2275,60.2275,0.7902,-0.7902
IMG_190,792,1024,medium,270.0000,261.4976,227.8028,269.1630,8.5024,-8.5024,42.1972,-42.1972,0.8370,-0.8370
IMG_191,682,1024,medium,393.0000,421.5673,392.9372,392.1830,28.5673,28.5673,0.0628,-0.0628,0.8170,-0.8170
IMG_192,640,480,sparse,77.0000,80.5603,67.7751,77.4269,3.5603,3.5603,9.2249,-9.2249,0.4269,0.4269
IMG_193,506,487,medium,123.0000,75.9734,65.9140,123.3838,47.0266,-47.0266,57.0860,-57.0860,0.3838,0.3838
IMG_194,801,688,medium,296.0000,326.7226,294.8118,295.2969,30.7226,30.7226,1.1882,-1.1882,0.7031,-0.7031
IMG_195,665,1024,medium,243.0000,298.8752,266.1670,243.7314,55.8752,55.8752,23.1670,23.1670,0.7314,0.7314
IMG_196,684,1024,dense,580.0000,608.3304,576.6709,579.4390,28.3304,28.3304,3.3291,-3.3291,0.5610,-0.5610
IMG_197,600,800,medium,460.0000,532.5771,501.9439,460.2440,72.5771,72.5771,41.9439,41.9439,0.2440,0.2440
IMG_198,415,650,medium,351.0000,375.0743,340.8315,350.4288,24.0743,24.0743,10.1685,-10.1685,0.5712,-0.5712
IMG_199,505,1024,dense,654.0000,643.9862,623.7935,652.1062,10.0138,-10.0138,30.2065,-30.2065,1.8938,-1.8938
IMG_200,500,760,sparse,99.0000,109.4137,93.9276,99.3382,10.4137,10.4137,5.0724,-5.0724,0.3382,0.3382
IMG_201,530,800,medium,445.0000,376.6624,357.8955,444.4850,68.3376,-68.3376,87.1045,-87.1045,0.5150,-0.5150
IMG_202,530,800,medium,216.0000,188.7484,167.8481,215.4448,27.2516,-27.2516,48.1519,-48.1519,0.5552,-0.5552
IMG_203,683,1024,dense,1956.0000,2092.7290,2016.7725,1955.3679,136.7290,136.7290,60.7725,60.7725,0.6321,-0.6321
IMG_204,695,1024,dense,549.0000,564.1840,548.5487,549.1290,15.1840,15.1840,0.4513,-0.4513,0.1290,0.1290
IMG_205,798,1017,medium,136.0000,134.0915,101.6933,135.9774,1.9085,-1.9085,34.3067,-34.3067,0.0226,-0.0226
IMG_206,683,1024,medium,311.0000,343.8882,308.0428,310.4837,32.8882,32.8882,2.9572,-2.9572,0.5163,-0.5163
IMG_207,442,650,medium,131.0000,134.3042,119.4286,130.6372,3.3042,3.3042,11.5714,-11.5714,0.3628,-0.3628
IMG_208,683,1024,dense,536.0000,595.3173,541.8795,534.3037,59.3173,59.3173,5.8795,5.8795,1.6963,-1.6963
IMG_209,619,1000,dense,545.0000,515.8624,486.4631,544.5565,29.1376,-29.1376,58.5369,-58.5369,0.4435,-0.4435
IMG_210,768,1024,dense,750.0000,917.9491,874.7679,748.5284,167.9491,167.9491,124.7679,124.7679,1.4716,-1.4716
IMG_211,334,1024,medium,188.0000,160.4908,146.1229,187.8865,27.5092,-27.5092,41.8771,-41.8771,0.1135,-0.1135
IMG_212,688,1024,medium,338.0000,365.2202,327.3781,337.5393,27.2202,27.2202,10.6219,-10.6219,0.4607,-0.4607
IMG_213,749,1000,medium,248.0000,249.7225,217.1216,247.4234,1.7225,1.7225,30.8784,-30.8784,0.5766,-0.5766
IMG_214,359,329,medium,378.0000,318.4415,299.7418,375.9146,59.5585,-59.5585,78.2582,-78.2582,2.0854,-2.0854
IMG_215,298,446,medium,302.0000,251.0300,244.1039,301.8104,50.9700,-50.9700,57.8961,-57.8961,0.1896,-0.1896
IMG_216,293,442,sparse,85.0000,77.8976,69.8480,84.7083,7.1024,-7.1024,15.1520,-15.1520,0.2917,-0.2917
IMG_217,325,444,medium,211.0000,160.6019,148.7119,210.2722,50.3981,-50.3981,62.2881,-62.2881,0.7278,-0.7278
IMG_218,411,443,dense,606.0000,581.5308,565.2795,603.9333,24.4692,-24.4692,40.7205,-40.7205,2.0667,-2.0667
IMG_219,282,432,medium,426.0000,310.4010,302.8364,422.6893,115.5990,-115.5990,123.1636,-123.1636,3.3107,-3.3107
IMG_220,377,1024,medium,305.0000,319.1223,288.5864,304.3957,14.1223,14.1223,16.4136,-16.4136,0.6043,-0.6043
IMG_221,679,1024,dense,585.0000,616.3441,578.3694,583.3733,31.3441,31.3441,6.6306,-6.6306,1.6267,-1.6267
IMG_222,522,1024,dense,764.0000,701.9916,664.5508,763.1487,62.0084,-62.0084,99.4492,-99.4492,0.8513,-0.8513
IMG_223,661,817,medium,274.0000,283.9193,256.6163,273.0758,9.9193,9.9193,17.3837,-17.3837,0.9242,-0.9242
IMG_224,619,1024,medium,246.0000,248.7466,216.1381,246.6673,2.7466,2.7466,29.8619,-29.8619,0.6673,0.6673
IMG_225,549,1024,medium,476.0000,465.5313,431.0051,475.6066,10.4687,-10.4687,44.9949,-44.9949,0.3934,-0.3934
IMG_226,615,922,dense,932.0000,861.7439,803.3082,929.4969,70.2561,-70.2561,128.6918,-128.6918,2.5031,-2.5031
IMG_227,405,609,medium,111.0000,116.4533,104.0492,111.8805,5.4533,5.4533,6.9508,-6.9508,0.8805,0.8805
IMG_228,340,562,medium,183.0000,202.5067,186.2869,182.3855,19.5067,19.5067,3.2869,3.2869,0.6145,-0.6145
IMG_229,430,620,dense,1321.0000,1083.5720,1022.4279,1305.1028,237.4280,-237.4280,298.5721,-298.5721,15.8972,-15.8972
IMG_230,418,628,medium,336.0000,365.8195,345.7507,335.4815,29.8195,29.8195,9.7507,9.7507,0.5185,-0.5185
IMG_231,682,1024,medium,443.0000,462.8611,416.6624,441.1520,19.8611,19.8611,26.3376,-26.3376,1.8480,-1.8480
IMG_232,279,400,sparse,38.0000,38.5109,32.9688,38.1815,0.5109,0.5109,5.0312,-5.0312,0.1815,0.1815
IMG_233,768,1024,medium,312.0000,413.6228,380.0179,311.3131,101.6228,101.6228,68.0179,68.0179,0.6869,-0.6869
IMG_234,768,1024,medium,462.0000,668.3549,624.8611,460.7258,206.3549,206.3549,162.8611,162.8611,1.2742,-1.2742
IMG_235,683,1024,medium,190.0000,197.8362,163.8134,189.4389,7.8362,7.8362,26.1866,-26.1866,0.5611,-0.5611
IMG_236,768,1024,dense,741.0000,812.8640,745.3765,738.4108,71.8640,71.8640,4.3765,4.3765,2.5892,-2.5892
IMG_237,432,700,dense,985.0000,772.0327,749.1550,984.8975,212.9673,-212.9673,235.8450,-235.8450,0.1025,-0.1025
IMG_238,469,709,medium,301.0000,277.1112,254.0869,302.6771,23.8888,-23.8888,46.9131,-46.9131,1.6771,1.6771
IMG_239,328,605,sparse,89.0000,95.4870,83.3828,88.9294,6.4870,6.4870,5.6172,-5.6172,0.0706,-0.0706
IMG_240,183,464,medium,243.0000,157.4846,146.2412,246.0362,85.5154,-85.5154,96.7588,-96.7588,3.0362,3.0362
IMG_241,728,1024,medium,104.0000,130.5103,105.6652,103.3033,26.5103,26.5103,1.6652,1.6652,0.6967,-0.6967
IMG_242,667,1000,dense,1535.0000,1369.9250,1317.0928,1535.5865,165.0750,-165.0750,217.9072,-217.9072,0.5865,0.5865
IMG_243,681,1024,medium,123.0000,160.7824,136.1777,121.8300,37.7824,37.7824,13.1777,13.1777,1.1700,-1.1700
IMG_244,342,608,medium,200.0000,192.2435,182.1803,200.1774,7.7565,-7.7565,17.8197,-17.8197,0.1774,0.1774
IMG_245,825,1024,medium,486.0000,491.2918,453.8651,481.8897,5.2918,5.2918,32.1349,-32.1349,4.1103,-4.1103
IMG_246,267,400,medium,373.0000,478.2720,434.3889,372.1382,105.2720,105.2720,61.3889,61.3889,0.8618,-0.8618
IMG_247,681,1024,dense,588.0000,656.6173,624.0157,586.0824,68.6173,68.6173,36.0157,36.0157,1.9176,-1.9176
IMG_248,681,1024,medium,400.0000,412.9771,385.9798,400.3858,12.9771,12.9771,14.0202,-14.0202,0.3858,0.3858
IMG_249,451,800,medium,365.0000,335.6182,315.7757,364.9308,29.3818,-29.3818,49.2243,-49.2243,0.0692,-0.0692
IMG_250,681,1024,medium,472.0000,400.9410,380.8242,472.7010,71.0590,-71.0590,91.1758,-91.1758,0.7010,0.7010
IMG_251,661,1024,dense,1205.0000,1049.5758,1007.4034,1203.0447,155.4242,-155.4242,197.5966,-197.5966,1.9553,-1.9553
IMG_252,400,600,medium,255.0000,246.1795,233.6590,255.5464,8.8205,-8.8205,21.3410,-21.3410,0.5464,0.5464
IMG_253,686,1024,dense,975.0000,1090.9307,1048.0802,974.3791,115.9307,115.9307,73.0802,73.0802,0.6209,-0.6209
IMG_254,683,1024,dense,581.0000,631.8290,577.5108,578.0842,50.8290,50.8290,3.4892,-3.4892,2.9158,-2.9158
IMG_255,701,749,medium,405.0000,520.0690,465.0270,402.1024,115.0690,115.0690,60.0270,60.0270,2.8976,-2.8976
IMG_256,576,1024,sparse,39.0000,37.8884,25.8976,38.7437,1.1116,-1.1116,13.1024,-13.1024,0.2563,-0.2563
IMG_257,768,1024,medium,274.0000,275.0622,250.9990,273.8260,1.0622,1.0622,23.0010,-23.0010,0.1740,-0.1740
IMG_258,768,1024,dense,820.0000,1000.3705,938.3137,817.3480,180.3705,180.3705,118.3137,118.3137,2.6520,-2.6520
IMG_259,338,506,medium,159.0000,162.7288,155.1955,158.6376,3.7288,3.7288,3.8045,-3.8045,0.3624,-0.3624
IMG_260,681,1024,dense,562.0000,612.5054,564.6582,560.2413,50.5054,50.5054,2.6582,2.6582,1.7587,-1.7587
IMG_261,359,478,medium,129.0000,147.4843,130.0331,129.3665,18.4843,18.4843,1.0331,1.0331,0.3665,0.3665
IMG_262,576,1024,dense,2197.0000,2878.6560,2744.6003,2196.6758,681.6560,681.6560,547.6003,547.6003,0.3242,-0.3242
IMG_263,453,680,dense,658.0000,511.3654,489.7712,659.5256,146.6346,-146.6346,168.2288,-168.2288,1.5256,1.5256
IMG_264,576,1024,medium,109.0000,128.7069,111.0473,108.6754,19.7069,19.7069,2.0473,2.0473,0.3246,-0.3246
IMG_265,464,370,sparse,74.0000,77.8988,66.4197,75.0181,3.8988,3.8988,7.5803,-7.5803,1.0181,1.0181
IMG_266,391,630,medium,341.0000,305.7036,284.1596,340.9736,35.2964,-35.2964,56.8404,-56.8404,0.0264,-0.0264
IMG_267,521,1024,dense,1162.0000,1236.2043,1150.6641,1162.1707,74.2043,74.2043,11.3359,-11.3359,0.1707,0.1707
IMG_268,600,900,dense,3138.0000,2977.2461,2915.0830,3133.4629,160.7539,-160.7539,222.9170,-222.9170,4.5371,-4.5371
IMG_269,400,600,medium,190.0000,191.9147,174.1297,188.9055,1.9147,1.9147,15.8703,-15.8703,1.0945,-1.0945
IMG_270,300,416,medium,262.0000,250.1529,238.8252,261.6711,11.8471,-11.8471,23.1748,-23.1748,0.3289,-0.3289
IMG_271,438,736,medium,271.0000,333.3394,314.9731,270.1524,62.3394,62.3394,43.9731,43.9731,0.8476,-0.8476
IMG_272,478,359,sparse,49.0000,46.0512,38.8069,49.7540,2.9488,-2.9488,10.1931,-10.1931,0.7540,0.7540
IMG_273,598,1024,medium,363.0000,446.5813,412.1790,362.1646,83.5813,83.5813,49.1790,49.1790,0.8354,-0.8354
IMG_274,681,1024,medium,106.0000,130.8241,109.2206,105.9664,24.8241,24.8241,3.2206,3.2206,0.0336,-0.0336
IMG_275,270,360,medium,141.0000,133.4245,129.6570,141.1327,7.5755,-7.5755,11.3430,-11.3430,0.1327,0.1327
IMG_276,768,1024,medium,380.0000,471.3271,445.1146,378.8100,91.3271,91.3271,65.1146,65.1146,1.1900,-1.1900
IMG_277,692,1024,medium,204.0000,264.2950,234.0795,203.9529,60.2950,60.2950,30.0795,30.0795,0.0471,-0.0471
IMG_278,620,620,medium,141.0000,141.6283,123.5936,141.0382,0.6283,0.6283,17.4064,-17.4064,0.0382,0.0382
IMG_279,294,488,medium,166.0000,186.5355,174.8058,166.1977,20.5355,20.5355,8.8058,8.8058,0.1977,0.1977
IMG_280,768,1024,medium,248.0000,313.4463,278.8365,245.9884,65.4463,65.4463,30.8365,30.8365,2.0116,-2.0116
IMG_281,680,1024,medium,143.0000,166.0507,144.7227,142.0508,23.0507,23.0507,1.7227,1.7227,0.9492,-0.9492
IMG_282,768,1024,medium,454.0000,461.2006,433.0874,452.1859,7.2006,7.2006,20.9126,-20.9126,1.8141,-1.8141
IMG_283,661,1024,dense,1427.0000,1332.7974,1300.7566,1425.2590,94.2026,-94.2026,126.2434,-126.2434,1.7410,-1.7410
IMG_284,768,1024,dense,727.0000,787.3871,758.2671,725.0853,60.3871,60.3871,31.2671,31.2671,1.9147,-1.9147
IMG_285,694,1024,medium,216.0000,235.4497,201.7591,215.5523,19.4497,19.4497,14.2409,-14.2409,0.4477,-0.4477
IMG_286,578,779,medium,195.0000,177.4918,156.6070,195.7643,17.5082,-17.5082,38.3930,-38.3930,0.7643,0.7643
IMG_287,716,1024,dense,878.0000,832.2365,790.5352,876.1716,45.7635,-45.7635,87.4648,-87.4648,1.8284,-1.8284
IMG_288,768,1024,medium,317.0000,406.2025,379.5721,316.8973,89.2025,89.2025,62.5721,62.5721,0.1027,-0.1027
IMG_289,682,1024,medium,360.0000,389.4496,358.4086,359.6503,29.4496,29.4496,1.5914,-1.5914,0.3497,-0.3497
IMG_290,768,1024,medium,209.0000,264.8816,240.2975,208.4529,55.8816,55.8816,31.2975,31.2975,0.5471,-0.5471
IMG_291,768,1024,medium,432.0000,437.9124,406.5385,430.0636,5.9124,5.9124,25.4615,-25.4615,1.9364,-1.9364
IMG_292,665,1024,dense,821.0000,818.1763,776.1394,819.5492,2.8237,-2.8237,44.8606,-44.8606,1.4508,-1.4508
IMG_293,686,1024,medium,385.0000,409.6386,377.1313,383.2203,24.6386,24.6386,7.8687,-7.8687,1.7797,-1.7797
IMG_294,683,1024,dense,2007.0000,2257.8591,2137.1421,2004.6472,250.8591,250.8591,130.1421,130.1421,2.3528,-2.3528
IMG_295,684,1024,dense,687.0000,784.9605,719.4785,687.6055,97.9605,97.9605,32.4785,32.4785,0.6055,0.6055
IMG_296,685,1024,dense,501.0000,489.2090,455.9217,500.1719,11.7910,-11.7910,45.0783,-45.0783,0.8281,-0.8281
IMG_297,685,1024,dense,619.0000,602.9302,563.9188,617.8311,16.0698,-16.0698,55.0812,-55.0812,1.1689,-1.1689
IMG_298,272,511,dense,1045.0000,675.9419,677.6978,1041.4004,369.0581,-369.0581,367.3022,-367.3022,3.5996,-3.5996
IMG_299,681,1024,dense,2164.0000,3147.8367,3004.9473,2162.5664,983.8367,983.8367,840.9473,840.9473,1.4336,-1.4336
IMG_300,768,1024,medium,388.0000,474.8073,438.4301,385.4543,86.8073,86.8073,50.4301,50.4301,2.5457,-2.5457
