run_id,description,epochs,mae,rmse,bias,sparse_mae,moderate_mae,dense_mae,game0,game1,delta_ref_direct,tta_mae,tta_rmse,delta_ref_tta
g7_h4_drs,"Base H4: Dynamic Regional Scaling (DRS: lambda=0.10, s_max=2.5, tau_c=12)",1001,79.72,121.76,-12.52,44.80,59.96,140.44,79.72,99.12,+6.88,-,-,-
g7_h1_fidt,"Base H1: Normalized Radon FIDT (k=4.0, balanced smooth L1, count-normalized)",1001,77.71,119.48,-1.09,14.71,56.35,147.20,77.71,104.72,+4.87,-,-,-
g7_h2_chfl,"Base H2: Rescaled Continuous ChfL (omega_max=0.5 rad/px, lambda=0.05)",1001,72.86,109.45,+2.49,31.46,58.64,119.01,72.86,90.99,+0.02,-,-,-
g7_cdw_factorized_diag,Base CDW: Factorized DiAG (GroupNorm + 5x5 Context Pooling),1001,79.58,121.98,+12.44,58.91,64.95,123.76,79.58,99.20,+6.74,-,-,-
g7_h4_h1_drs_fidt,Pairwise: DRS (H4) + Normalized FIDT (H1),1001,87.69,132.03,-8.65,42.68,66.15,154.96,87.69,159.74,+14.85,-,-,-
g7_h4_h2_drs_chfl,Pairwise: DRS (H4) + Rescaled ChfL (H2),1001,78.64,122.12,-22.46,47.41,59.85,136.09,78.64,98.77,+5.80,-,-,-
g7_h4_cdw,Pairwise: DRS (H4) + Factorized DiAG (CDW),1001,82.73,131.33,-26.81,46.68,60.82,149.66,82.73,103.13,+9.89,-,-,-
g7_h1_h2_fidt_chfl,Pairwise: Normalized FIDT (H1) + Rescaled ChfL (H2),1001,82.45,131.73,-9.91,26.27,56.96,162.50,82.45,107.44,+9.61,-,-,-
g7_cdw_h1_fidt,Pairwise: Factorized DiAG (CDW) + Normalized FIDT (H1),1001,88.74,134.84,+1.41,28.78,67.25,158.14,88.74,120.00,+15.90,-,-,-
g7_cdw_h2_chfl,Pairwise: Factorized DiAG (CDW) + Rescaled ChfL (H2),1001,86.31,137.65,-1.54,33.16,64.26,156.24,86.31,107.75,+13.47,-,-,-
g7_triad_drs_fidt_cdw,Triad 1: DRS + Normalized FIDT + Factorized DiAG,1001,88.25,133.67,-12.33,42.20,66.82,155.38,88.25,120.84,+15.41,-,-,-
g7_triad_drs_chfl_cdw,Triad 2: DRS + Rescaled ChfL + Factorized DiAG,1001,86.39,136.25,-6.99,62.27,63.69,153.74,86.39,106.92,+13.55,-,-,-
g7_champion_synthesis,Gen 7 Champion: Full Synthesis (DRS + FIDT + ChfL + CDW DiAG),1001,91.02,135.49,-13.93,46.49,66.81,165.72,91.02,128.50,+18.18,-,-,-
g7_h1_fidt_k2,Sweep H1: FIDT Narrow Kernel (k=2.0),1001,80.08,122.04,-3.65,20.06,60.20,144.96,80.08,109.08,+7.24,-,-,-
g7_h1_fidt_k6,Sweep H1: FIDT Wide Kernel (k=6.0),1001,82.68,126.94,-5.15,27.07,59.87,155.12,82.68,112.23,+9.84,-,-,-
g7_h2_chfl_lam02,Sweep H2: ChfL Low Weight (lambda=0.02),1001,78.47,118.20,-11.55,25.44,58.63,142.19,78.47,96.80,+5.63,-,-,-
g7_h2_chfl_lam10,Sweep H2: ChfL High Weight (lambda=0.10),1001,75.45,112.14,+4.44,31.59,58.67,129.18,75.45,92.10,+2.61,-,-,-
