epoch,lr_backbone,lr_main,solver_strength,train_total,train_count,train_flat_dm16,train_allocation,train_dm16,train_dm32,train_dm64,train_cell,train_region_nb,train_hurdle_bce,train_trunc_nb,region_mu_mean,region_dispersion_mean,region_dispersion_p10,region_dispersion_p50,region_dispersion_p90,region_weight_mean,region_weight_std,region_weight_min,region_weight_max,solver_weight_mean,solver_weight_std,weight_clip_low_fraction,weight_clip_high_fraction,solver_energy_before,solver_energy_after,solver_energy_reduction,weight_mean_32,weight_mean_64,weight_mean_128,val_mae,val_rmse,val_nae,val_bias,val_game0,val_game1,val_game2,val_game3,val_mae_sparse,val_mae_moderate,val_mae_dense,pearson_rate_var_error,spearman_rate_var_error,spearman_weight_error,spearman_pred_weight_error,spearman_rate_var_error_32,spearman_rate_var_error_64,spearman_rate_var_error_128,mean_std_residual,coverage_50,coverage_80,coverage_95,calib_gap_50,calib_gap_80,calib_gap_95,dispersion_sat_low_fraction,dispersion_sat_high_fraction,solver_help_fraction,solver_harm_fraction,energy_monotonic_fraction,mae_reg_y0,mae_reg_y1,mae_reg_y2
1,2.0000000000000003e-06,2e-05,0.0,23.813840737213958,18.38823011759165,3.766199962512867,3.766199962512867,3.766199962512867,0.0,0.0,0.24549138948724075,5.764220779006545,0.17327777678902084,3.9321013656822412,2.1779701451997497,49.96177663029851,49.9067497253418,50.00431823730469,50.00431823730469,0.9999999759010119,0.0022085419464532613,0.9677517414093018,1.0107231140136719,0.9999999759010119,0.0022085419464532613,0.0,0.0,5.369182599557413,5.369182599557413,0.0,1.0,0.9999999838906366,1.0,,,,,,,,,,,,,,,,,,,,,,,,,,,,,,,,,
2,4.000000000000001e-06,4e-05,0.0,24.755523552765716,19.25044825270369,3.734913935532441,3.734913935532441,3.734913935532441,0.0,0.0,0.24727682447111285,6.16804035934242,0.17324946136087985,4.227595944662352,2.185530765636547,49.72355878675306,49.61518478393555,49.71218490600586,49.9067497253418,0.9999999699395691,0.0026674186674732394,0.9586887359619141,1.0114208459854126,0.9999999699395691,0.0026674186674732394,0.0,0.0,5.3649943712595345,5.3649943712595345,0.0,0.9999999983890636,0.9999999983890636,1.0,,,,,,,,,,,,,,,,,,,,,,,,,,,,,,,,,
3,6e-06,6e-05,0.0,24.465116346204603,18.990038742890228,3.75025909655803,3.75025909655803,3.75025909655803,0.0,0.0,0.24651761755749985,6.023000904031702,0.1732037510420825,4.066277442751704,2.205388140034031,49.31003539626663,49.037147521972656,49.3253173828125,49.518367767333984,0.9999999618488532,0.003982892061074039,0.9343373775482178,1.0132875442504883,0.9999999618488532,0.003982892061074039,0.0,0.0,5.345346115730904,5.345346115730904,0.0,0.9999999983890636,0.9999999871125093,0.9999999967781273,,,,,,,,,,,,,,,,,,,,,,,,,,,,,,,,,
4,8.000000000000001e-06,8e-05,0.0,24.634958911586452,19.15910122845624,3.725137568808891,3.725137568808891,3.725137568808891,0.0,0.0,0.24595300974072637,6.118925803416484,0.17315122001879923,4.1350110737053125,2.234099020829072,48.48200339239997,47.90120315551758,48.56059646606445,49.037147521972656,0.9999999586992119,0.006706756264082586,0.9215947985649109,1.0234922170639038,0.9999999586992119,0.006706756264082586,0.0,0.0,5.321671060613684,5.321671060613684,0.0,0.999999995167191,0.999999995167191,1.0,,,,,,,,,,,,,,,,,,,,,,,,,,,,,,,,,
5,1e-05,0.0001,0.0,24.93227077174831,19.455536636146338,3.736030662381971,3.736030662381971,3.736030662381971,0.0,0.0,0.2464364827484698,6.108547178474632,0.17314455154779795,4.054415245313902,2.2956479948920174,46.55385651459565,45.17513656616211,46.70027160644531,47.807735443115234,0.9999999569725098,0.013628848709853845,0.8368057012557983,1.0513546466827393,0.9999999569725098,0.013628848709853845,0.0,0.0,5.316367935489964,5.316367935489964,0.0,0.999999995167191,0.9999999903343819,0.9999999935562546,254.82837661282048,391.73486463136663,0.6020450542123579,-173.17424590771014,254.82837621528645,319.3612186854585,377.1527792538923,409.50237054516276,155.28656850542342,129.80906632889148,620.5736740775731,0.03250098455160285,0.334382284008567,-0.2697288462513585,-0.2697288462513585,0.3761173515275643,0.17255816338143293,0.027999202097565987,1.357611192440493,0.7282824148578947,0.7615956765189291,0.8326408249243027,0.2282824148578947,-0.03840432348107092,-0.11735917507569726,0.0,0.0,0.4725274725274725,0.5274725274725275,1.0,2.339069421147252,2.1181886546559388,2.118266070937062
6,1e-05,0.0001,0.05,24.246350700790817,18.853865855448955,3.70925125560245,3.70925125560245,3.70925125560245,0.0,0.0,0.2469565292467942,5.9123128491479,0.1731980036239366,3.870728934133375,2.4322031059780636,42.578205521042285,39.3255729675293,42.85457992553711,45.35194778442383,0.9999999519021365,0.029886943328928123,0.6439710855484009,1.1257728338241577,0.9999999519021365,0.029886943328928123,0.0,0.0,5.212366903150404,3.4608050874761633,0.3360396242665841,0.9999999855015729,0.9999999887234455,1.0,,,,,,,,,,,,,,,,,,,,,,,,,,,,,,,,,
7,9.999975077406627e-06,9.999975077406626e-05,0.1,24.86821187509073,19.473403002764726,3.7354882343395337,3.7354882343395337,3.7354882343395337,0.0,0.0,0.24872912949806936,5.867222708624762,0.17309630803159765,3.7176493019671053,2.6774378660562874,35.67540777051771,29.975807189941406,36.08717346191406,40.81233596801758,0.999999958618665,0.06368256776315583,0.36130279302597046,1.2282280921936035,0.999999958618665,0.06368256776315583,0.0,0.0,4.839288904860213,2.1075135147249378,0.5644993394363557,0.9999999935562546,0.9999999806687638,1.0,,,,,,,,,,,,,,,,,,,,,,,,,,,,,,,,,
8,9.999900309874961e-06,9.999900309874961e-05,0.15,25.48249657089646,20.22343078819481,3.713462359196431,3.713462359196431,3.713462359196431,0.0,0.0,0.2483490628970636,5.5366144566922575,0.1722917629254831,3.245057763280095,3.144704258119738,26.57649292816987,17.96942710876465,26.922672271728516,34.70469665527344,1.0001132445020409,0.15008458488096454,0.25,1.4476109743118286,1.0001132445020409,0.15008458488096454,0.001553780501148922,0.0,3.8648142943511137,1.2307123686816241,0.6815597658908329,1.000144054760804,1.0000065146265804,1.0,,,,,,,,,,,,,,,,,,,,,,,,,,,,,,,,,
9,9.999775698150361e-06,9.999775698150361e-05,0.2,22.27397431554021,17.26342126485464,3.7187982121029415,3.7187982121029415,3.7187982121029415,0.0,0.0,0.24667166415098551,4.608710624076225,0.17022722395690712,2.5727675379933537,3.3726862830084725,21.04139740402634,11.070643424987793,21.380943298339844,30.21091079711914,1.0018793465143443,0.22787975929213827,0.25,1.579131841659546,1.0018793465143443,0.22787975929213827,0.01747182405077142,0.0,3.933066007253286,1.0470568102759283,0.733781022656379,1.0022209173924215,1.000829960848834,1.0,,,,,,,,,,,,,,,,,,,,,,,,,,,,,,,,,
10,9.999601243475088e-06,9.999601243475088e-05,0.25,21.22903300620414,16.30434801771834,3.733644930092064,3.733644930092064,3.733644930092064,0.0,0.0,0.24432184688142827,4.199076459214494,0.16631278234559135,2.402503419566799,3.200125146556545,20.020899592219173,7.253218650817871,20.844900131225586,30.21091079711914,1.0057759206014436,0.2677313031828987,0.25,1.6019811630249023,1.0057759206014436,0.2677313031828987,0.04284932705985338,0.0,5.013891464955098,0.9634084604881905,0.8078521509246872,1.0064720430889644,1.004049082060118,1.0000537827208236,254.0430067712134,390.17814151355316,0.6054643447732027,-169.16023401113657,254.04300712069988,319.41208259665314,377.8018698125726,410.48309066517237,157.89910125732422,130.25108136317527,615.8292179936948,0.03378637168690903,0.3386986502240612,-0.2636274086844941,-0.2636274086844941,0.37998862025241636,0.12956970715880037,-0.004582137753108741,1.3584929345792192,0.7284109878477096,0.7619899670210281,0.8328143984605527,0.22841098784770963,-0.038010032978971986,-0.11718560153944724,0.0,0.0,0.47802197802197804,0.521978021978022,1.0,2.3556532735352986,2.120352951052425,2.1202691256344974
11,9.999376947588288e-06,9.999376947588288e-05,0.3,19.47240365518106,14.700449131630563,3.674891117456797,3.674891117456797,3.674891117456797,0.0,0.0,0.24402051519703222,3.7913678272350415,0.160536495012206,2.2962367921262175,3.061887921513738,18.939574112763275,4.472944259643555,20.08553695678711,29.511075973510742,1.0098128376939304,0.30012757260101497,0.25,1.759414553642273,1.0098128376939304,0.30012757260101497,0.06425484188642083,0.0,6.488003872536324,0.9775053762100838,0.8493364992663064,1.0106431406897467,1.008281237370259,1.0005624938655544,,,,,,,,,,,,,,,,,,,,,,,,,,,,,,,,,
12,9.999102812725971e-06,9.999102812725972e-05,0.35,18.77794647216797,14.024162846642572,3.715382124926593,3.715382124926593,3.715382124926593,0.0,0.0,0.24331654326335803,3.52896785736084,0.15401765100053838,2.25573434700837,2.9397181820225073,17.46579206312025,2.9134440422058105,18.68524932861328,28.159664154052734,1.0132517046934568,0.33202943441862315,0.25,1.9473817348480225,1.0132517046934568,0.33202943441862315,0.08085950322792428,0.0,8.665901544931772,1.0516013503074646,0.8786506695402637,1.0140631521070325,1.0122382705276076,1.0019918035816502,,,,,,,,,,,,,,,,,,,,,,,,,,,,,,,,,
13,9.998778841621001e-06,9.998778841621002e-05,0.4,18.16055390641496,13.548972915958714,3.6239558361672066,3.6239558361672066,3.6239558361672066,0.0,0.0,0.240839165207502,3.28592248865076,0.14903412557937004,2.255203617585672,2.8559583199990763,15.617713515822953,1.774009346961975,16.71666717529297,26.094348907470703,1.01755536771811,0.37126247670864654,0.25,2.7157704830169678,1.01755536771811,0.37126247670864654,0.10082339424444688,0.0,11.136313412640545,1.2499652472702232,0.8877577164942736,1.0183319723283923,1.017037085584692,1.004705277649132,,,,,,,,,,,,,,,,,,,,,,,,,,,,,,,,,
14,9.998405037503059e-06,9.998405037503059e-05,0.45,16.425325058602,11.879879655064764,3.6140909581571012,3.6140909581571012,3.6140909581571012,0.0,0.0,0.23850012953216965,3.0299492333386397,0.1447600134321161,2.2231172484320565,2.8683523680712724,13.039539053633407,1.0660419344902041,13.67042064666748,23.028181076049805,1.0217303679596674,0.4168100789802776,0.25,2.576909065246582,1.0217303679596674,0.4168100789802776,0.12258452784768574,0.0,13.994849926716572,1.4368365745286684,0.8973310480603507,1.0225200008701634,1.0215305669887647,1.0071622648754635,,,,,,,,,,,,,,,,,,,,,,,,,,,,,,,,,
15,9.997981404098609e-06,9.997981404098608e-05,0.5,17.169580897769414,12.707634036605423,3.5586249055089176,3.5586249055089176,3.5586249055089176,0.0,0.0,0.23636681324726827,2.887223701219301,0.14283762489621704,2.239341877602242,2.8898347777289315,11.197155462728965,0.6864507794380188,11.333175659179688,20.68268585205078,1.0259569314499335,0.44816695956973945,0.25,3.8271584510803223,1.0259569314499335,0.44816695956973945,0.1421298829193566,0.0,17.395597483660723,1.791379400201746,0.8970211053754062,1.0267083322679675,1.0261172765010111,1.0104851626061104,253.33097757611955,388.7493824190614,0.6081503848923926,-165.72204675779238,253.33097803916854,319.3543769426694,378.1989503993902,411.1833357395853,159.99819237845284,130.6341291324113,611.618432915729,0.036168912167038214,0.3433808029539924,-0.2582952223608489,-0.2582952223608489,0.3799281909474838,0.11334401031086472,-0.012630726634200734,1.3576346431714386,0.731228879207819,0.7638242750090537,0.8375887421490118,0.23122887920781898,-0.036175724990946345,-0.11241125785098816,0.0,0.0,0.489010989010989,0.510989010989011,1.0,2.3764260588111457,2.1211215215069905,2.12113617507966
16,9.99750794563087e-06,9.99750794563087e-05,0.55,16.155574076884502,11.740042415825096,3.5504650425266577,3.5504650425266577,3.5504650425266577,0.0,0.0,0.23546540213597789,2.705642184695682,0.1415435230812511,2.2260873768780685,2.7892107899124556,9.503109339121226,0.6000500917434692,9.267952919006348,18.039758682250977,1.0275857805505448,0.4816886004314569,0.25,3.49708890914917,1.0275857805505448,0.4816886004314569,0.15194496115548747,0.0,18.90985545596561,1.697206157284814,0.9102475340841706,1.0284812450408936,1.0274467081636995,1.0106636607969128,,,,,,,,,,,,,,,,,,,,,,,,,,,,,,,,,
17,9.996984666819766e-06,9.996984666819766e-05,0.6,16.092385833327835,11.697894083487022,3.561523218412657,3.561523218412657,3.561523218412657,0.0,0.0,0.23320128224991463,2.563074962512867,0.1390528626538612,2.2033731744096086,2.873901605606079,8.097627240258294,0.573691189289093,7.520090103149414,15.920031547546387,1.0290589456108241,0.5203198301598927,0.25,4.0,1.0290589456108241,0.5203198301598927,0.1616642958748222,5.47105810263705e-06,21.90711717347841,2.04214423089414,0.9067816995397989,1.0301284693382882,1.0282693521396533,1.0117096256565403,,,,,,,,,,,,,,,,,,,,,,,,,,,,,,,,,
18,9.996411572881886e-06,9.996411572881886e-05,0.65,16.03440130079115,11.628931303282041,3.584727532154805,3.584727532154805,3.584727532154805,0.0,0.0,0.2335841309379887,2.4971113913768046,0.14220428849394257,2.202632594752956,2.801685230152027,7.252871229841903,0.5254213809967041,6.520819187164307,14.32647705078125,1.0303560672855139,0.5397459429854112,0.25,4.0,1.0303560672855139,0.5397459429854112,0.168721960827224,3.829740671845935e-05,23.121031322994746,1.7841522758071486,0.9228342260826081,1.031423526841241,1.029706971065418,1.0124026440285347,,,,,,,,,,,,,,,,,,,,,,,,,,,,,,,,,
19,9.995788669530421e-06,9.995788669530421e-05,0.7,15.181663667833483,10.829526153770653,3.546734648781854,3.546734648781854,3.546734648781854,0.0,0.0,0.23167351290986343,2.4177619315482475,0.13769960705492948,2.226220246907827,2.904380360165158,6.324313344182195,0.4998939335346222,5.6103291511535645,12.667789459228516,1.0327213021008508,0.5726535626256074,0.25,4.0,1.0327213021008508,0.5726535626256074,0.18217529270160848,1.9148703359229675e-05,24.44804990613783,1.9038432256595508,0.9221269903747383,1.033960400400935,1.0315827131271362,1.0136491607975315,,,,,,,,,,,,,,,,,,,,,,,,,,,,,,,,,
20,9.99511596297512e-06,9.99511596297512e-05,0.75,16.590985427031647,12.289974612158698,3.4990195390340446,3.4990195390340446,3.4990195390340446,0.0,0.0,0.23469971523091598,2.3826677122631588,0.13498624192701802,2.262871371733176,2.6590704080220817,5.845321577948493,0.5919020771980286,5.068510055541992,11.511648178100586,1.0314837123080558,0.5903335739355822,0.25,4.0,1.0314837123080558,0.5903335739355822,0.18101816391290076,5.744611007768903e-05,24.379713780171162,1.5160714565096676,0.9378142225056498,1.033064561921197,1.0292727979453835,1.0106328693596092,252.13145647992144,387.24818950739825,0.6045559742275836,-165.23119362631996,252.1314557991899,317.32094950241964,375.7454698798333,408.56810032144386,158.7817944117955,129.83141383089762,609.3086985712466,0.053728569706362174,0.34257568081047574,-0.2535392299568927,-0.2535392299568927,0.3725442148313168,0.0852519682866304,-0.009278276126139025,1.3400635777120036,0.7328681848279587,0.7783123080780266,0.8457531270022565,0.23286818482795868,-0.021687691921973395,-0.10424687299774349,0.0,0.0,0.510989010989011,0.489010989010989,1.0,2.3978646263316437,2.108582943350404,2.108848967394986
21,9.994393459922219e-06,9.994393459922218e-05,0.8,15.439214603320972,11.12241131550557,3.516336221952696,3.516336221952696,3.516336221952696,0.0,0.0,0.2303993770399609,2.3699496050138733,0.1349979977349977,2.283779785439775,2.8441024406536206,5.315964492591652,0.6325425505638123,4.605926036834717,10.420238494873047,1.0318960206809171,0.6045763330213477,0.25,4.0,1.0318960206809171,0.6045763330213477,0.1826211839369734,0.0003091147827989933,26.0806932191591,2.085323014774838,0.9200434207307442,1.0333935119010307,1.0295475624703072,1.0133116760769405,,,,,,,,,,,,,,,,,,,,,,,,,,,,,,,,,
22,9.993621167574379e-06,9.993621167574379e-05,0.85,14.415967735084328,10.13855570715827,3.5055228052912533,3.5055228052912533,3.5055228052912533,0.0,0.0,0.22910613868687604,2.260035814465703,0.13283056020736694,2.227563474629376,2.9970829229097107,4.648001496856277,0.6508712768554688,4.021285057067871,9.124265670776367,1.0328743801781275,0.6338957036513938,0.25,4.0,1.0328743801781275,0.6338957036513938,0.19158824816719552,0.000495130758288653,26.04184341430664,2.116520660954553,0.9187261582337986,1.0344037558581378,1.030416466094352,1.0141672701449007,,,,,,,,,,,,,,,,,,,,,,,,,,,,,,,,,
23,9.99279909363061e-06,9.99279909363061e-05,0.9,15.10873490410882,10.819229834788555,3.5078017196139775,3.5078017196139775,3.5078017196139775,0.0,0.0,0.22949545286797188,2.2892486823571696,0.133981737132008,2.2628503941200875,2.9756532875267236,4.287680026647207,0.6551598727703096,3.618764877319336,8.438567161560059,1.0319899711384106,0.6402680010116938,0.25,4.0,1.0319899711384106,0.6402680010116938,0.19104114235693184,0.000771419192471824,25.595532597722233,1.831489160254195,0.9284449677590542,1.0333402962298006,1.030018332842234,1.0145616466934617,,,,,,,,,,,,,,,,,,,,,,,,,,,,,,,,,
24,9.991927246286197e-06,9.991927246286197e-05,0.95,15.049199439383841,10.786537763234731,3.4984339378975533,3.4984339378975533,3.4984339378975533,0.0,0.0,0.23229707092852206,2.211692371883908,0.13123384963821721,2.24444964447537,2.6878266012346423,4.1130559895489665,0.7831862568855286,3.5906035900115967,7.927299976348877,1.0286270573025154,0.6254704898836235,0.25,4.0,1.0286270573025154,0.6254704898836235,0.1749562315351789,0.0005908742750848014,24.628671027518607,1.1723706818915702,0.9523981346544589,1.0299443747546222,1.0265543944126851,1.0123098218763196,,,,,,,,,,,,,,,,,,,,,,,,,,,,,,,,,
25,9.991005634232623e-06,9.991005634232621e-05,1.0,14.320392453992689,10.090788493285308,3.4802987833280823,3.4802987833280823,3.4802987833280823,0.0,0.0,0.2314607718506375,2.16760270659988,0.1325690091864483,2.181487447506673,2.722644599708351,4.239608519786113,0.835429310798645,3.722714424133301,8.115289688110352,1.0273715016714284,0.6146706276470867,0.25,4.0,1.0273715016714284,0.6146706276470867,0.16778640989167304,0.0003528832476200897,25.218836294638145,1.2182362788432353,0.9516933983546954,1.02846973328977,1.0258793315371952,1.0126858853005074,249.3025402027172,384.85119014902637,0.5890545238619402,-168.7336680653331,249.3025395443417,311.3731216454911,367.7346647584517,399.636125215917,152.0787740434919,126.51080490822015,608.4481970745584,0.12433076307392373,0.3192987923828168,-0.23383158929567502,-0.23383158929567502,0.3447217950106599,0.05447330266780191,0.05722198693484255,1.2842466805951958,0.7373425248735164,0.8035640432776684,0.8663462342042725,0.23734252487351637,0.0035640432776683495,-0.08365376579572747,0.0,0.0,0.521978021978022,0.47802197802197804,1.0,2.386085781094792,2.070526124356867,2.071760038753132
26,9.990034266657468e-06,9.990034266657467e-05,1.0,13.792039793890876,9.541982173919678,3.502204302194956,3.502204302194956,3.502204302194956,0.0,0.0,0.23085967350650477,2.1660486363075875,0.13318567159208092,2.1697292488974496,2.7917382330507845,4.278018287710242,0.8662628829479219,3.796138286590576,8.178939819335938,1.0269800837277152,0.6163409881413993,0.25,4.0,1.0269800837277152,0.6163409881413993,0.1665526862895284,0.00016960280118174856,26.632645993619352,1.288500054462536,0.9516195253460271,1.0280245961369694,1.0255030490256645,1.0132781621572133,,,,,,,,,,,,,,,,,,,,,,,,,,,,,,,,,
27,9.989013153244333e-06,9.989013153244334e-05,1.0,16.006477201307142,11.710382216685527,3.5340702533721924,3.5340702533721924,3.5340702533721924,0.0,0.0,0.23336891910514315,2.204733249303457,0.13391247613204493,2.2256225927456006,2.495551263963854,4.198017552092269,0.8770092368125917,3.744591474533081,8.05213737487793,1.0233855938504464,0.5903079667016152,0.25,4.0,1.0233855938504464,0.5903079667016152,0.1475051975051975,0.0002544042017726228,27.48877040759937,1.0142358525379285,0.9631036296822669,1.024297665905308,1.02214130839786,1.011212413375442,,,,,,,,,,,,,,,,,,,,,,,,,,,,,,,,,
28,9.987942304172738e-06,9.987942304172738e-05,1.0,14.287647840139028,9.96072261397903,3.563149323334565,3.563149323334565,3.563149323334565,0.0,0.0,0.23173707643070737,2.206504551140038,0.13555702043546214,2.238735933561583,2.614711793693336,4.189716236011402,0.7579604744911197,3.643587350845337,8.194930076599121,1.023944012568808,0.5757082407553399,0.25,4.0,1.023944012568808,0.5757082407553399,0.14582558266768794,5.744611007768903e-05,27.79236092438569,1.3561424355249148,0.9512044896360351,1.0246803438341296,1.0231934141468357,1.0129507006825627,,,,,,,,,,,,,,,,,,,,,,,,,,,,,,,,,
29,9.986821730118016e-06,9.986821730118016e-05,1.0,14.28636123038627,9.994388786522117,3.541508287996859,3.541508287996859,3.541508287996859,0.0,0.0,0.23148751339396914,2.1649397804930404,0.1340907479862909,2.193770505286552,2.786010381337759,3.849225598412591,0.6797798275947571,3.3045902252197266,7.668410301208496,1.024218154577627,0.6036708332555503,0.25,4.0,1.024218154577627,0.6036708332555503,0.1516385819017398,0.0001531896268738374,27.382543615392738,1.4077166190018524,0.9485907285030115,1.0248883221600507,1.0235853871783696,1.0139811361158215,,,,,,,,,,,,,,,,,,,,,,,,,,,,,,,,,
30,9.98565144225121e-06,9.98565144225121e-05,1.0,14.759164707080737,10.472917195912954,3.52267617148322,3.52267617148322,3.52267617148322,0.0,0.0,0.23219661253529625,2.2044812215341105,0.13418976962566376,2.2436938285827637,2.773205834466058,3.814777844660991,0.6641948819160461,3.2660906314849854,7.638514518737793,1.0240794710553258,0.5858016878500786,0.25,4.0,1.0240794710553258,0.5858016878500786,0.14770489112594376,8.480140059087428e-05,30.22034366710766,1.4434786213410866,0.9522348707466158,1.024458604889947,1.024377236495147,1.015277572580286,239.35824652032537,373.1073191543176,0.5701324895713965,-155.78785034850404,239.35824645268127,297.63250360909547,351.50885423126016,382.9423690100231,147.83265904017858,121.49002217137536,583.8295520284902,0.24856351347119274,0.2912879093097874,-0.19651087155274294,-0.19651087155274294,0.3049524676805105,0.0034213634005215245,-0.012944703902210876,1.1881918482243077,0.7362003681473275,0.8195028082483858,0.8992244905831,0.23620036814732748,0.019502808248385795,-0.05077550941690001,0.0,0.0,0.5824175824175825,0.4175824175824176,1.0,2.3893013354186174,1.9885213044318524,1.9920763196525992
31,9.984431452238968e-06,9.984431452238967e-05,1.0,14.079923475110853,9.69726141079052,3.624202328759271,3.624202328759271,3.624202328759271,0.0,0.0,0.23244080672392975,2.1819229738132373,0.1340111983386246,2.2376151793711894,2.6522671016486914,3.694772649455715,0.5793210864067078,3.1013450622558594,7.608734607696533,1.0225872722026463,0.5630527812665275,0.25,4.0,1.0225872722026463,0.5630527812665275,0.13837673706094758,3.829740671845935e-05,33.04209812267406,1.7385798918234336,0.9473828845441752,1.0228176245818268,1.0230759929966282,1.0158264057056323,,,,,,,,,,,,,,,,,,,,,,,,,,,,,,,,,
32,9.983161772243409e-06,9.983161772243409e-05,1.0,13.36440761669262,8.94143281111846,3.6764701443749503,3.6764701443749503,3.6764701443749503,0.0,0.0,0.23596587495223895,2.149692528956645,0.1369511295814772,2.164895292874929,2.6650181203275114,3.8294491381258577,0.616684079170227,3.2311933040618896,7.865609169006348,1.0216258046639666,0.5558987116496341,0.25,4.0,1.0216258046639666,0.5558987116496341,0.1346728307254623,1.09421162052741e-05,48.642756900271856,3.2822639684419372,0.9325230686416215,1.0216924950883195,1.0225990881790985,1.0158498609388196,,,,,,,,,,,,,,,,,,,,,,,,,,,,,,,,,
33,9.981842414922026e-06,9.981842414922026e-05,1.0,13.211804312628669,8.772337874850711,3.6910014474714123,3.6910014474714123,3.6910014474714123,0.0,0.0,0.23711614230194608,2.161729677303417,0.13492089832151258,2.163637274020427,2.6138807502952783,3.8808020192223625,0.66435706615448,3.337019681930542,7.819656848907471,1.0201469312832763,0.5386613073254625,0.25,4.0,1.0201469312832763,0.5386613073254625,0.1263431447641974,1.3677645256592625e-05,72.32672407820418,5.832888609654194,0.9193536181267202,1.0200392684421025,1.0216668747566842,1.0152803272814364,,,,,,,,,,,,,,,,,,,,,,,,,,,,,,,,,
34,9.98047339342754e-06,9.98047339342754e-05,1.0,12.877538191305625,8.453774542421908,3.6794644304223962,3.6794644304223962,3.6794644304223962,0.0,0.0,0.23865436581340996,2.14579494257231,0.13552144592678225,2.1482022775186076,2.6522753560865246,4.1654203002517285,0.7504113674163821,3.629382371902466,8.3077392578125,1.0190460552313987,0.5252205947940218,0.25,4.0,1.0190460552313987,0.5252205947940218,0.12080369843527738,2.735529051318525e-06,84.18235005559148,7.9109543014217065,0.9060259746110966,1.0187758819476977,1.0210120742385451,1.0153186031290002,,,,,,,,,,,,,,,,,,,,,,,,,,,,,,,,,
35,9.979054721407776e-06,9.979054721407777e-05,1.0,12.896419576696447,8.458064478796882,3.692497188980515,3.692497188980515,3.692497188980515,0.0,0.0,0.23961705009679538,2.158012525455372,0.13747148920555372,2.1310976904791756,2.5199539854719832,4.40090553824966,0.8466195464134216,3.8747928142547607,8.638681411743164,1.0160528451112991,0.5046373393841265,0.25,4.0,1.0160528451112991,0.5046373393841265,0.10374493927125505,2.735529051318525e-06,104.14201798310151,10.9591670616253,0.8947670952237207,1.0156672194197371,1.0183165524456952,1.0132223399909768,229.85936745444496,364.89937911209876,0.5229874292165528,-164.35915047781808,229.85936812703414,281.006126016872,330.2923233436782,359.5759748631735,129.7061309814453,111.6634626758191,576.5625059708306,0.31462410273468366,0.3125456707136552,-0.22262425580309775,-0.22262425580309775,0.31040127152051156,0.09718124198548193,0.05795486084637817,1.0931345658600995,0.7488755220599107,0.8386066116517129,0.9314727393118345,0.2488755220599107,0.03860661165171286,-0.01852726068816546,0.0,0.0,0.6043956043956044,0.3956043956043956,1.0,2.3026023772391646,1.8831743765008317,1.8927066041218055
36,9.97758641300553e-06,9.977586413005531e-05,1.0,12.389785534626728,7.981651538127178,3.6713822016844877,3.6713822016844877,3.6713822016844877,0.0,0.0,0.23957938318317,2.129047790089169,0.1386080400363819,2.0946483708716728,2.473670157226356,4.405811503126815,0.8475502133369446,3.908998489379883,8.638681411743164,1.0148404379235973,0.49017135254732813,0.25,3.8514404296875,1.0148404379235973,0.49017135254732813,0.09633986212933582,0.0,111.77869827682908,12.730214002970103,0.886112343414103,1.0142950721689172,1.0175884672113367,1.0129188331397805,,,,,,,,,,,,,,,,,,,,,,,,,,,,,,,,,
37,9.976068482858423e-06,9.976068482858423e-05,1.0,12.327021186416214,7.886878181148219,3.7010218774950183,3.7010218774950183,3.7010218774950183,0.0,0.0,0.2403980417026056,2.1464970498471647,0.1402725553190386,2.0764050999203243,2.5651922483701965,4.753856671823038,0.944901865720749,4.268113136291504,9.249869346618652,1.0145711166601348,0.48434026202649655,0.25,3.9858622550964355,1.0145711166601348,0.48434026202649655,0.09340463945727104,0.0,125.4539221686286,14.952316780348081,0.8808142741025669,1.0137544741501678,1.0180509573704488,1.0146094496185716,,,,,,,,,,,,,,,,,,,,,,,,,,,,,,,,,
38,9.974500946098757e-06,9.974500946098758e-05,1.0,12.771741506215688,8.390325623589593,3.649760813326449,3.649760813326449,3.649760813326449,0.0,0.0,0.24049725806390918,2.110690580831992,0.1381951433581275,2.0793420301901326,2.366594398343885,5.017896755321606,1.00709947347641,4.579017162322998,9.655986785888672,1.0121978599762798,0.4669498861116089,0.25,3.9884700775146484,1.0121978599762798,0.4669498861116089,0.08073093336251232,0.0,122.66013367111618,14.23464572429657,0.8839505118878855,1.0115067443332157,1.0152982537810866,1.0115165549355585,,,,,,,,,,,,,,,,,,,,,,,,,,,,,,,,,
39,9.972883818353365e-06,9.972883818353364e-05,1.0,12.214228862040752,7.8095041223474455,3.664017554875967,3.664017554875967,3.664017554875967,0.0,0.0,0.23644903261919278,2.1570795935553475,0.13888664503355283,2.085130755965774,2.7024374781428158,5.258603237770699,1.10818350315094,4.784730434417725,10.099641799926758,1.0135958154075273,0.47024889944552467,0.25,3.493483543395996,1.0135958154075273,0.47024889944552467,0.0878761352445563,0.0,132.95403805294552,14.424361164505417,0.8915086643794806,1.0126475579029806,1.0177198261828035,1.0132576356063019,,,,,,,,,,,,,,,,,,,,,,,,,,,,,,,,,
40,9.97121711574345e-06,9.971217115743451e-05,1.0,11.979908968951252,7.59759775367943,3.652636263821576,3.652636263821576,3.652636263821576,0.0,0.0,0.23701408585986575,2.1206963610004737,0.13894438904684944,2.0459882600887402,2.463593515189918,5.403195162077208,1.076253890991211,4.90298318862915,10.50196647644043,1.0118647459815746,0.46642006250978413,0.25,3.5206544399261475,1.0118647459815746,0.46642006250978413,0.07835375861691651,0.0,122.63361585462415,13.086361691758439,0.8932889518052567,1.0109841179203343,1.0156872143616547,1.0115847200960726,219.72917737017622,354.90869284384434,0.4849866042605511,-164.46487535749162,219.72917713106025,265.2676112645657,309.85288032310007,337.67672071703936,115.21586881365094,103.60505105543507,561.2858176853346,0.27124246993250056,0.3504265305676598,-0.24576704503121205,-0.24576704503121205,0.3355152784028802,0.1712997398070822,0.08880943896192205,1.0111307828182554,0.7605842356657188,0.8615054611377424,0.9441114642106369,0.26058423566571876,0.06150546113774236,-0.005888535789363103,2.142883163581272e-06,0.0,0.6318681318681318,0.36813186813186816,1.0,2.292030633478374,1.7876426810091668,1.8030373123320904
41,9.96950085488444e-06,9.96950085488444e-05,1.0,11.95513122146194,7.563014056231524,3.656319167162921,3.656319167162921,3.656319167162921,0.0,0.0,0.23847628646605723,2.133342646263741,0.1374251411573307,2.0828279385695585,2.5292973711683944,5.782010890342094,1.2138964772224428,5.249868869781494,11.179285049438477,1.0117053897414874,0.46493908748993606,0.25,3.494518280029297,1.0117053897414874,0.46493908748993606,0.07806105700842543,0.0,132.93081190779404,14.26681915489403,0.892674851299411,1.0107521688615955,1.0157573126457833,1.011795214704565,,,,,,,,,,,,,,,,,,,,,,,,,,,,,,,,,
42,9.967735052885798e-06,9.967735052885799e-05,1.0,12.158024968327704,7.788358185742353,3.644026807836584,3.644026807836584,3.644026807836584,0.0,0.0,0.23650139127228711,2.1027382708884574,0.13828905389921084,2.0448033455255867,2.4092914671511263,5.834754802085258,1.2116906642913818,5.301388263702393,11.311062812805176,1.0101665568068527,0.4632616139032787,0.25,3.6772239208221436,1.0101665568068527,0.4632616139032787,0.0708802932487143,0.0,117.37634133003853,10.51889553585568,0.9103831707764798,1.0093276661795538,1.0138307423204989,1.0097948892696484,,,,,,,,,,,,,,,,,,,,,,,,,,,,,,,,,
43,9.965919727350872e-06,9.965919727350872e-05,1.0,11.699750719843683,7.326233477205844,3.641765594482422,3.641765594482422,3.641765594482422,0.0,0.0,0.23821023267668648,2.119971397760752,0.13735066374411453,2.0699967629200704,2.584754125491993,5.936044731655636,1.1978663206100464,5.3691205978393555,11.579297065734863,1.011203907760838,0.4664510362125635,0.25,3.8579695224761963,1.011203907760838,0.4664510362125635,0.07508753692964219,0.0,139.27794564736857,14.125085173426447,0.8985834755978589,1.010135064253936,1.0155473174275578,1.012222773319966,,,,,,,,,,,,,,,,,,,,,,,,,,,,,,,,,
44,9.964054896376708e-06,9.964054896376709e-05,1.0,11.491284525072253,7.145552596530399,3.6251031708072974,3.6251031708072974,3.6251031708072974,0.0,0.0,0.2340310779777733,2.09008045454283,0.1368713924610937,2.03043667690174,2.6377450904330693,5.934424116804793,1.1691041350364688,5.342967987060547,11.624617576599121,1.0105002854068725,0.46989790449133373,0.25,4.0,1.0105002854068725,0.46989790449133373,0.07173377831272568,1.641317430791115e-05,123.63534246908652,10.566544191257373,0.9145345984389585,1.009475024970802,1.0147157037580334,1.0112526062372569,,,,,,,,,,,,,,,,,,,,,,,,,,,,,,,,,
45,9.962140578553881e-06,9.96214057855388e-05,1.0,11.854970442282188,7.488488184439169,3.644964205252158,3.644964205252158,3.644964205252158,0.0,0.0,0.2332730164399018,2.0887831675039754,0.13498966013257568,2.049463152885437,2.6027361444524817,5.997414150753537,1.1885446310043335,5.358643531799316,11.83076286315918,1.0102190343911543,0.45912749122067115,0.25,3.4929826259613037,1.0102190343911543,0.45912749122067115,0.06981343691870008,0.0,142.0995528762405,12.797093488074637,0.9099427603461914,1.0091432848492183,1.0146162896542936,1.0111264795870394,207.6435901725685,343.1115049913464,0.43911279153544486,-165.805819605733,207.64359088118042,247.00825798442023,286.87830781923304,313.3129814341211,99.89049584524972,94.0041354275489,542.7253580508025,0.2075177298382884,0.389392353540301,-0.26838393437259167,-0.26838393437259167,0.35843034789761197,0.25027150478806215,0.1610884273266158,0.9334308114851986,0.7804723343069165,0.8910858203278182,0.9554280301975095,0.28047233430691654,0.0910858203278182,0.005428030197509592,2.3571714799393993e-05,0.0,0.6593406593406593,0.34065934065934067,1.0,2.340381506707642,1.6903271737334493,1.7050853256995862
46,9.96017679296629e-06,9.960176792966289e-05,1.0,11.481538849907952,7.085330086785394,3.6742086088335193,3.6742086088335193,3.6742086088335193,0.0,0.0,0.23448356784678795,2.0846269549550236,0.13523134448238322,2.0588450174073913,2.6217522427842423,5.8574737858127905,1.1392511129379272,5.219197750091553,11.601935386657715,1.0104540830890385,0.46283004120008947,0.25,3.7006702423095703,1.0104540830890385,0.46283004120008947,0.0709815078236131,0.0,145.75364087079024,14.097324139363057,0.9032797804902847,1.0093073619378579,1.0150050150381553,1.012047967395267,,,,,,,,,,,,,,,,,,,,,,,,,,,,,,,,,
47,9.95816355919099e-06,9.958163559190991e-05,1.0,11.215169777741304,6.884344887089085,3.6224632456495955,3.6224632456495955,3.6224632456495955,0.0,0.0,0.23309006320463643,2.041165287430222,0.13586123106447426,2.010978070465294,2.60021803830121,6.278103377367999,1.2679821252822876,5.632287502288818,12.32609748840332,1.009884072809968,0.4586804250492123,0.25,3.8637046813964844,1.009884072809968,0.4586804250492123,0.06772349272349272,0.0,137.46013661977406,11.663122911710996,0.9151526893649746,1.0086770025459495,1.0146756172180176,1.0115566189224656,,,,,,,,,,,,,,,,,,,,,,,,,,,,,,,,,
48,9.956100897297986e-06,9.956100897297985e-05,1.0,11.340993881225586,7.0106999294177905,3.6186231342521875,3.6186231342521875,3.6186231342521875,0.0,0.0,0.23455250786768422,2.051399482263101,0.13409798632602435,2.0252324729352384,2.5630830687445565,6.4961665385478256,1.3042458295822144,5.7884202003479,12.842171669006348,1.009248828617113,0.4604656791213382,0.25,4.0,1.009248828617113,0.4604656791213382,0.0642630484735748,2.735529051318525e-06,130.55277169717326,12.360190507527944,0.9053241815792443,1.008254979107831,1.0131624485995319,1.010770884720055,,,,,,,,,,,,,,,,,,,,,,,,,,,,,,,,,
49,9.953988827850028e-06,9.953988827850027e-05,1.0,11.081234648421004,6.803099078101081,3.5654077143282503,3.5654077143282503,3.5654077143282503,0.0,0.0,0.23249723983777537,2.0569202932151587,0.13236654731067451,2.0350959913150684,2.6023603130031274,6.784127879787135,1.3887015581130981,6.104841947555542,13.301684379577637,1.0090985152251233,0.46743216606533405,0.25,3.696685791015625,1.0090985152251233,0.46743216606533405,0.06338767917715286,0.0,133.71645499564505,10.138771475972357,0.9241770844410842,1.0080673726829323,1.0131977828773293,1.0104995418239284,,,,,,,,,,,,,,,,,,,,,,,,,,,,,,,,,
50,9.951827371902417e-06,9.951827371902416e-05,1.0,11.12708702602902,6.822353221274711,3.600440547272966,3.600440547272966,3.600440547272966,0.0,0.0,0.231369557412895,2.0315460224409363,0.1319932232837419,2.0054389012826457,2.724802738911397,6.6302141370000065,1.3698445558547974,5.95469331741333,12.968196868896484,1.0100836044231016,0.4706270951207858,0.25,4.0,1.0100836044231016,0.4706270951207858,0.06826786300470511,2.735529051318525e-06,148.20999289847708,13.100834356771934,0.9116062682376219,1.0089640230745882,1.0144184860023293,1.012137239043777,203.8967090019813,334.66028084262376,0.41383617921781635,-178.41335298726847,203.8967089093846,235.51297292628217,268.92114697021765,293.53808730089327,83.98651613507953,92.995765272037,533.1487327243971,0.19893371360225084,0.43685009637421846,-0.3017831341131236,-0.3017831341131236,0.39280314259785415,0.3509522698448517,0.2519261906006542,0.8703897022386777,0.805771212936157,0.9160332661182314,0.9634016984491954,0.30577121293615706,0.11603326611823139,0.013401698449195476,6.000072858027562e-05,0.0,0.7032967032967034,0.2967032967032967,1.0,2.382364939202319,1.618323178736718,1.6280802128079173
51,9.949616551002787e-06,9.949616551002787e-05,1.0,12.188298251177814,7.889959580189473,3.584077654658137,3.584077654658137,3.584077654658137,0.0,0.0,0.23208083977570404,2.0673143702584342,0.13358320617997968,2.027028141794978,2.4852102382763013,6.692323671804892,1.366837978363037,5.989686489105225,13.172416687011719,1.0087752346924044,0.468519899109031,0.25,4.0,1.0087752346924044,0.468519899109031,0.06199803041908305,3.28263486158223e-05,141.45590560500688,10.183891386599154,0.9280066014703122,1.0077556468345024,1.012856261150257,1.010033514048602,,,,,,,,,,,,,,,,,,,,,,,,,,,,,,,,,
52,9.947356387190893e-06,9.947356387190894e-05,1.0,11.336705156274745,7.02174102937853,3.607830421344654,3.607830421344654,3.607830421344654,0.0,0.0,0.2316617264940932,2.043890379570626,0.13250969471158208,2.0068740264789477,2.5710987142614417,6.881953806490512,1.4649360060691838,6.191901206970215,13.432220458984375,1.0091369603228284,0.46241037148337283,0.25,3.715575695037842,1.0091369603228284,0.46241037148337283,0.06304026698763542,0.0,154.4468286875132,12.2054475449227,0.9209731423516793,1.0080926418304443,1.0131630639772158,1.0111323852796812,,,,,,,,,,,,,,,,,,,,,,,,,,,,,,,,,
53,9.945046902998396e-06,9.945046902998396e-05,1.0,11.203534023181811,6.880644153904271,3.6167514324188232,3.6167514324188232,3.6167514324188232,0.0,0.0,0.23247338549510851,2.0351207320754594,0.13108811708720955,2.0166957023981453,2.543173293809633,6.983182919991983,1.4967862367630005,6.271010875701904,13.6171236038208,1.0088857972392995,0.46233356964172084,0.25,4.0,1.0088857972392995,0.46233356964172084,0.062178575336470074,2.735529051318525e-06,144.7519941587706,13.117324062295863,0.9093807022243288,1.007883113783759,1.0128101078239646,1.0105317476633433,,,,,,,,,,,,,,,,,,,,,,,,,,,,,,,,,
54,9.942688121448629e-06,9.942688121448629e-05,1.0,12.444009188059214,8.132438389030662,3.5864848124014364,3.5864848124014364,3.5864848124014364,0.0,0.0,0.229274878630767,2.1076154161143945,0.13238115830195918,2.065299214543523,2.5613311432503365,6.906977202441241,1.4126380681991577,6.149718284606934,13.643745422363281,1.0086530927473698,0.4670508616718314,0.25,4.0,1.0086530927473698,0.4670508616718314,0.06168344457818142,1.09421162052741e-05,134.7197205827043,9.74813091432726,0.9276413959874353,1.007669751708572,1.012548314558493,1.0100536249779366,,,,,,,,,,,,,,,,,,,,,,,,,,,,,,,,,
55,9.940280066056372e-06,9.940280066056371e-05,1.0,11.747677313314902,7.427972754916629,3.613176358712686,3.613176358712686,3.613176358712686,0.0,0.0,0.23215460414822037,2.0408123087238623,0.13141923438052874,2.0090142391823433,2.506829084576787,6.7258865124470475,1.3903976678848267,5.972164630889893,13.27573013305664,1.0093646708652924,0.46138387072545184,0.25,4.0,1.0093646708652924,0.46138387072545184,0.06514388882809935,1.641317430791115e-05,152.1433472504487,12.386293333929938,0.9185880056027662,1.00828171742929,1.013546067315179,1.011404639965779,192.48622435265844,320.95447317332616,0.383133225539854,-170.89116394126808,192.48622342842515,220.12324032244234,250.16087913200832,275.469912217383,66.29511751447406,86.29385192634524,509.4895676322605,0.20256936907872355,0.47019166648714356,-0.33133481198744097,-0.33133481198744097,0.4172545719220746,0.4086083177578558,0.2807750090572341,0.8259954384869027,0.8250357325767527,0.9295441444646113,0.9691124820801396,0.32503573257675267,0.12954414446461127,0.019112482080139603,0.00012857298981487633,0.0,0.7417582417582418,0.25824175824175827,1.0,2.5682756311290866,1.5794413810247903,1.574181922025733
56,9.93782276082762e-06,9.93782276082762e-05,1.0,12.349417248287716,8.041267459456986,3.5988051118077458,3.5988051118077458,3.5988051118077458,0.0,0.0,0.23043427918408368,2.0543131634995744,0.13059675008864016,2.016945126894358,2.5290648582819344,7.004743395624934,1.4359352588653564,6.234374046325684,13.831562995910645,1.0083363036248338,0.45623454251629525,0.25,4.0,1.0083363036248338,0.45623454251629525,0.058682569208884997,5.47105810263705e-06,141.15039392419763,9.333311145370072,0.9338768324629518,1.0073219247766443,1.0122245227968372,1.0103776229394448,,,,,,,,,,,,,,,,,,,,,,,,,,,,,,,,,
57,9.93531623025934e-06,9.93531623025934e-05,1.0,11.301969373548353,6.982069840302339,3.6191496140248067,3.6191496140248067,3.6191496140248067,0.0,0.0,0.23058214018473755,2.027161507993131,0.13157745491008502,1.9819886974386267,2.5460156202316284,7.128452777862549,1.4927719831466675,6.351130962371826,13.99460506439209,1.008647236089315,0.456931538346415,0.25,4.0,1.008647236089315,0.456931538346415,0.05994638363059416,1.09421162052741e-05,148.13747117326065,10.210599551329741,0.9310734855235412,1.0075933514414608,1.0127156715135317,1.0106357336044312,,,,,,,,,,,,,,,,,,,,,,,,,,,,,,,,,
58,9.932760499339229e-06,9.932760499339229e-05,1.0,11.515819111385861,7.1932029852996004,3.608848494452399,3.608848494452399,3.608848494452399,0.0,0.0,0.23176016557861018,2.0683144717603117,0.1302181721941845,2.030991667025798,2.544737593547718,7.30674730764853,1.4832901120185857,6.4890570640563965,14.438841819763184,1.0084399216186037,0.46020079916439216,0.25,4.0,1.0084399216186037,0.46020079916439216,0.05907374986322355,1.641317430791115e-05,142.85722804713893,10.91036589081223,0.9236274843075345,1.0074125528335571,1.012373321765178,1.010528313147055,,,,,,,,,,,,,,,,,,,,,,,,,,,,,,,,,
59,9.930155593545463e-06,9.930155593545464e-05,1.0,10.808556917551401,6.542688292426032,3.5602994931710734,3.5602994931710734,3.5602994931710734,0.0,0.0,0.2292227495361019,2.0385556285445756,0.1285587998258101,2.019847222276636,2.5941470571466394,7.206116135055955,1.4401483535766602,6.388453483581543,14.29852294921875,1.0087331585572212,0.46821145682262433,0.25,4.0,1.0087331585572212,0.46821145682262433,0.06136612320822847,8.206587153955575e-06,155.685248297614,12.308338307045602,0.9209408826999684,1.0077407392295632,1.0125555218877018,1.0106460403751683,,,,,,,,,,,,,,,,,,,,,,,,,,,,,,,,,
60,9.927501538846449e-06,9.927501538846448e-05,1.0,10.976034241753656,6.7120082829449625,3.556702304530788,3.556702304530788,3.556702304530788,0.0,0.0,0.22892700095434446,2.0462720233040885,0.12919928797998945,2.020776629447937,2.751850608232859,7.254520815771979,1.4482578039169312,6.425995826721191,14.438841819763184,1.0094543538306087,0.47850182171262146,0.25,4.0,1.0094543538306087,0.47850182171262146,0.06525878104825474,1.09421162052741e-05,149.28474323169604,10.974187954052075,0.9264882149609912,1.0083381259763562,1.013651944495536,1.0120724278527338,191.4368042264666,307.77613470648953,0.3868713243642914,-178.64400064028226,191.43680492487695,212.30570619082894,238.41077048445635,265.13163049788164,58.326769965035574,92.11985610252204,490.21194657035494,0.24424605241333291,0.5241037881295206,-0.36498514218721106,-0.36498514218721106,0.4608469895174097,0.47948824738998047,0.41753107558418623,0.7798274943565212,0.8476045780555906,0.9397871259865298,0.974146114631392,0.34760457805559064,0.13978712598652976,0.024146114631392046,0.00033428977351867846,0.0,0.7472527472527473,0.25274725274725274,1.0,2.6282728425749053,1.5727897656487895,1.5458823046186467
61,9.924798361700554e-06,9.924798361700553e-05,1.0,10.892382982614878,6.60533011926187,3.59414638699712,3.59414638699712,3.59414638699712,0.0,0.0,0.22871054789504489,2.0037206411361694,0.12830872531678225,1.9649207527573045,2.493039105389569,7.523178255235827,1.5233296155929565,6.6754560470581055,14.839099884033203,1.0077931257618022,0.46395524344287276,0.25,3.9827733039855957,1.0077931257618022,0.46395524344287276,0.05680326075062917,0.0,143.2207781817462,9.168046641994167,0.9359866161992222,1.0068667837091394,1.0114092891280715,1.0093571753115267,,,,,,,,,,,,,,,,,,,,,,,,,,,,,,,,,
62,9.922046089055851e-06,9.922046089055851e-05,1.0,10.319616987898543,6.071145663390288,3.5526455995198845,3.5526455995198845,3.5526455995198845,0.0,0.0,0.22966520609082403,2.013116675454217,0.127338245511055,1.9758461198291264,2.6747172716501595,7.683668548996384,1.563647747039795,6.81376838684082,15.190999984741211,1.0092378086838776,0.47122281685341094,0.25,4.0,1.0092378086838776,0.47122281685341094,0.0655049786628734,2.735529051318525e-06,152.01876274315086,12.061908992561134,0.9206551298345929,1.008133105329565,1.013410429696779,1.0117445797533602,,,,,,,,,,,,,,,,,,,,,,,,,,,,,,,,,
63,9.919244748349852e-06,9.919244748349852e-05,1.0,10.877786610577557,6.628864971367088,3.5560075978975036,3.5560075978975036,3.5560075978975036,0.0,0.0,0.2293506071374223,1.9917436387087848,0.12700388721517614,1.9912654193671975,2.4434612312832393,8.022945081865466,1.6311051845550537,7.064471244812012,15.982340812683105,1.007164383824417,0.45679714235685,0.25,3.863140821456909,1.007164383824417,0.45679714235685,0.05410055804792647,0.0,153.33381673452016,9.274382159516618,0.9395150896453968,1.006241785513388,1.0108014151856706,1.0085590240117666,,,,,,,,,,,,,,,,,,,,,,,,,,,,,,,,,
64,9.916394367509226e-06,9.916394367509225e-05,1.0,10.984842996339541,6.714558807579246,3.5794463930903255,3.5794463930903255,3.5794463930903255,0.0,0.0,0.22791358868818026,1.99082414201788,0.12747803310284744,1.9745111723203916,2.6163896644437634,7.954496448104446,1.649526596069336,7.02319860458374,15.737633323670508,1.0085943731876272,0.46930855837316304,0.25,4.0,1.0085943731876272,0.46930855837316304,0.06103785972207025,5.47105810263705e-05,147.83461596514726,11.116245746612549,0.9248062054070391,1.0075980714849524,1.012346531893756,1.0109059101826436,,,,,,,,,,,,,,,,,,,,,,,,,,,,,,,,,
65,9.913494974949525e-06,9.913494974949524e-05,1.0,11.21792288084288,6.970737212413066,3.5498612829156824,3.5498612829156824,3.5498612829156824,0.0,0.0,0.2277074270957225,2.0111164241223722,0.12743287312017904,1.9994445717012561,2.4487817609632336,8.06928842132156,1.7439494132995605,7.126835346221924,15.951155662536621,1.0074952833471054,0.46430682951790303,0.25,4.0,1.0074952833471054,0.46430682951790303,0.05736951526425211,8.206587153955575e-06,148.9438740498311,9.025781702350926,0.9394014573615077,1.0065377209637616,1.0111519871531307,1.0094857570287343,148.32045527866907,258.0502228382643,0.3130775064942709,-112.52396594037066,148.3204546269464,173.58959007853488,204.71153783778246,243.59968239546103,53.17732565743582,69.34754535763763,384.2662658691406,0.3530893863923397,0.5484235625020925,-0.39759771890330464,-0.39759771890330464,0.4881165455127105,0.5365889743155559,0.38018918036890414,0.7486260417466021,0.8513246232275677,0.9490208095384015,0.9808747677650371,0.35132462322756774,0.14902080953840147,0.03087476776503717,0.0009107253445220406,0.0,0.8406593406593407,0.15934065934065933,1.0,3.111992526840378,1.5905555796164732,1.499812153997002
66,9.910546599574903e-06,9.910546599574902e-05,1.0,10.645941553889093,6.421287265983787,3.525976000605403,3.525976000605403,3.525976000605403,0.0,0.0,0.22798408809545878,2.0151282999966598,0.12457343593642518,2.0128448460553146,2.6425412410014384,7.654191506875528,1.5326557159423828,6.714684963226318,15.28027057647705,1.0087757868952956,0.47466910448140404,0.25,4.0,1.0087757868952956,0.47466910448140404,0.06400317321369953,2.735529051318525e-06,134.0261032516892,10.540383171390843,0.9213557440254982,1.007787105199453,1.0125295149313438,1.0109306477211617,,,,,,,,,,,,,,,,,,,,,,,,,,,,,,,,,
67,9.907549270777823e-06,9.907549270777823e-05,1.0,10.809999491717365,6.57967928293589,3.5406565537323824,3.5406565537323824,3.5406565537323824,0.0,0.0,0.22739440645720507,1.9930162268715936,0.12561105292391134,1.965285333427223,2.595471540012875,7.877545704712739,1.5937097072601318,6.934600830078125,15.703855514526367,1.008205107101949,0.4758349135449179,0.25,4.0,1.008205107101949,0.4758349135449179,0.06064941459678302,1.3677645256592625e-05,137.48099167282516,8.712736284410632,0.9366258842157246,1.0071802654781856,1.0121086288142849,1.0103814730773102,,,,,,,,,,,,,,,,,,,,,,,,,,,,,,,,,
68,9.904503018438769e-06,9.904503018438769e-05,1.0,10.900944580902925,6.655135799098659,3.551408097550676,3.551408097550676,3.551408097550676,0.0,0.0,0.2287362962961197,2.003777829376427,0.1248361321317183,1.9901012182235718,2.544384460191469,8.101346647417223,1.666527509689331,7.085197925567627,16.202348709106445,1.0079476929971969,0.4644726095343208,0.25,3.8514392375946045,1.0079476929971969,0.4644726095343208,0.058961593172119485,0.0,152.12319987529034,10.608340720872622,0.9302648068830442,1.0069347716666557,1.0117515261108811,1.0103478012858211,,,,,,,,,,,,,,,,,,,,,,,,,,,,,,,,,
69,9.901407872925944e-06,9.901407872925942e-05,1.0,10.838845278765705,6.610063320881611,3.5405720891179264,3.5405720891179264,3.5405720891179264,0.0,0.0,0.22742841573985847,1.980764137732016,0.12333519454743411,1.9819954569275315,2.568022090035516,8.156043838810277,1.6861721277236938,7.154728889465332,16.265764236450195,1.0081493531250336,0.4710466509632283,0.25,4.0,1.0081493531250336,0.4710466509632283,0.060572819783346096,1.3677645256592625e-05,142.45827236691036,9.26262986982191,0.9349800491335075,1.007177220808493,1.0118943646147445,1.0100197115459957,,,,,,,,,,,,,,,,,,,,,,,,,,,,,,,,,
70,9.898263865094968e-06,9.898263865094968e-05,1.0,10.857536290142987,6.636043071746826,3.5429925660829285,3.5429925660829285,3.5429925660829285,0.0,0.0,0.2289127574579136,1.9513887585820378,0.12301519412446667,1.940900184012748,2.46105893560358,8.516594422830117,1.8089985847473145,7.54952335357666,16.814903259277344,1.0071685340517602,0.4687181245340127,0.25,4.0,1.0071685340517602,0.4687181245340127,0.056198708830287776,8.206587153955575e-06,132.78809439169393,8.012106341284674,0.9396624646359422,1.0062971147331032,1.010560103364893,1.008686442632933,143.21949204245766,246.59883498156887,0.3068806972268926,-105.35308014167533,143.2194919298256,167.93499829794055,202.88289977675464,245.25208792341869,40.90420477730887,72.40071129614068,357.38970350182575,0.4060366123409504,0.586065235055826,-0.42417663335306954,-0.42417663335306954,0.5269706350695033,0.5749381568007181,0.44373050918202345,0.7266217826396041,0.8617904645984987,0.9517958432352392,0.9822762133540193,0.36179046459849873,0.1517958432352392,0.03227621335401931,0.0019650238610040265,0.0,0.8681318681318682,0.13186813186813187,1.0,3.279010635810894,1.654760323874243,1.5351933886061657
71,9.895071026288574e-06,9.895071026288574e-05,1.0,10.733605101301864,6.486158654496476,3.5576828363779427,3.5576828363779427,3.5576828363779427,0.0,0.0,0.22972057276480906,1.9850016381289508,0.12178434451689592,1.9879782973109066,2.4311105431737126,8.46847663054595,1.8528022766113281,7.5054168701171875,16.6514949798584,1.007588182131057,0.4660429550760035,0.25,4.0,1.007588182131057,0.4660429550760035,0.05886584965532334,5.47105810263705e-06,134.17229750349716,9.985900556718981,0.925574051107989,1.0067206492295135,1.0110094450615548,1.008893754031207,,,,,,,,,,,,,,,,,,,,,,,,,,,,,,,,,
72,9.89182938833629e-06,9.89182938833629e-05,1.0,10.767035690513817,6.549357775095347,3.5238085888527535,3.5238085888527535,3.5238085888527535,0.0,0.0,0.22863307474432765,2.0058124129836625,0.12318799262111252,1.9859215826601595,2.548840213466335,8.783765380446976,1.959722220897676,7.865609169006348,17.11309242248535,1.0073100930867962,0.47394188859316805,0.25,4.0,1.0073100930867962,0.47394188859316805,0.057640332640332644,1.641317430791115e-05,134.63419424520956,9.658767390895534,0.9282591807746552,1.0064455367423393,1.010703193174826,1.0086864394110602,,,,,,,,,,,,,,,,,,,,,,,,,,,,,,,,,
73,9.888538983554127e-06,9.888538983554128e-05,1.0,11.681011199951172,7.474543648797113,3.505636737153337,3.505636737153337,3.505636737153337,0.0,0.0,0.22936220990644918,2.036707617141105,0.12431686593068612,1.9885393864399679,2.349137035576073,9.024613277332202,2.0200555324554443,8.08365249633789,17.553165435791016,1.0063585290122161,0.46637262962798937,0.25,4.0,1.0063585290122161,0.46637262962798937,0.05206532443374549,1.3677645256592625e-05,138.03426010544234,7.186241542970812,0.9479387107412222,1.0055846878000207,1.0094285623447314,1.007439449026778,,,,,,,,,,,,,,,,,,,,,,,,,,,,,,,,,
74,9.885199844744253e-06,9.885199844744253e-05,1.0,10.716033110747466,6.46731575115307,3.550103554854522,3.550103554854522,3.550103554854522,0.0,0.0,0.2311087564842121,2.026338754473506,0.12312067420901479,1.9863275643941518,2.5051613305066085,8.691055143201673,1.9646083116531372,7.789170265197754,16.88071632385254,1.0078383869395624,0.47185805925053237,0.25,4.0,1.0078383869395624,0.47185805925053237,0.058819345661450924,1.641317430791115e-05,147.77635131011138,12.68179839366191,0.9141824907623485,1.0069251833735287,1.0112762773359143,1.009963193455258,,,,,,,,,,,,,,,,,,,,,,,,,,,,,,,,,
75,9.881812005194667e-06,9.881812005194667e-05,1.0,10.789065000173208,6.560452706105,3.5363811222282617,3.5363811222282617,3.5363811222282617,0.0,0.0,0.2292152651258417,2.006085147728791,0.12274672413194501,1.9688630812876933,2.562192710670265,8.88341962968981,1.888423204421997,8.020745277404785,17.281030654907227,1.0072642968625356,0.48253132588880115,0.25,4.0,1.0072642968625356,0.48253132588880115,0.05612211401685086,1.09421162052741e-05,131.99196129876213,9.166229557346654,0.9305546378192001,1.006416291803927,1.0105327206688959,1.0088884959349762,121.86606069711539,207.12137162567706,0.28684206050016836,-54.20143647246309,121.86605964028146,149.75960285259904,185.61479107732606,233.14837286429747,49.80230494907924,68.64187302700309,282.0914193858271,0.4274015116161368,0.6209722141148192,-0.4638658171288075,-0.4638658171288075,0.56584388101092,0.6271517603898628,0.5119393214841019,0.7051666288572865,0.8621761835679433,0.9572794812508437,0.9865619796811819,0.36217618356794334,0.15727948125084368,0.03656197968118191,0.0020035957579484895,0.0,0.9065934065934066,0.09340659340659341,1.0,3.5636494107298797,1.6347244052769063,1.483683392078012
76,9.878375498678869e-06,9.87837549867887e-05,1.0,10.526484412115973,6.326796480127283,3.503785603755229,3.503785603755229,3.503785603755229,0.0,0.0,0.2279757917732806,2.024730588938739,0.12166393367019859,1.974631509265384,2.664560601517961,9.011614567524678,1.962690830230713,8.115289688110352,17.48473358154297,1.0079558507560222,0.483785657452132,0.25,4.0,1.0079558507560222,0.483785657452132,0.06015154830944305,8.206587153955575e-06,142.49516956226245,10.693694926596976,0.9249539829353695,1.0070306127135817,1.0115029457453135,1.0098151290738904,,,,,,,,,,,,,,,,,,,,,,,,,,,,,,,,,
77,9.87489035945552e-06,9.87489035945552e-05,1.0,11.074233209764635,6.855954080014615,3.522637618554605,3.522637618554605,3.522637618554605,0.0,0.0,0.22835954459937843,2.02462253055057,0.12187777580441655,1.970639860307848,2.552173511402027,9.253621049829432,2.0072734355926514,8.3077392578125,17.96942710876465,1.0070168808446645,0.47904120896230523,0.25,4.0,1.0070168808446645,0.47904120896230523,0.05515647226173542,1.3677645256592625e-05,140.1925657117689,8.462822972117243,0.9396342956621786,1.006171329601391,1.0103126796516213,1.008467413283683,,,,,,,,,,,,,,,,,,,,,,,,,,,,,,,,,
78,9.871356622268102e-06,9.871356622268102e-05,1.0,11.058548746882257,6.867410917539854,3.4953596463074557,3.4953596463074557,3.4953596463074557,0.0,0.0,0.2274982522468309,2.0144830201123214,0.1205086844998437,1.9985453373677022,2.4831174740920194,8.986792100442422,1.8995206356048584,8.020745277404785,17.621868133544922,1.0076582903131501,0.4827621163961749,0.25,4.0,1.0076582903131501,0.4827621163961749,0.058915089178247074,2.735529051318525e-05,146.52685835554794,9.402880004934362,0.9358282835620604,1.0067989342921488,1.0108916243991337,1.0096664138742395,,,,,,,,,,,,,,,,,,,,,,,,,,,,,,,,,
79,9.867774322344574e-06,9.867774322344574e-05,1.0,10.436502740189836,6.236734003634067,3.521008762153419,3.521008762153419,3.521008762153419,0.0,0.0,0.22785997753207748,1.9572681800739185,0.118076055637888,1.9491845111589174,2.489381413202028,8.774240210249618,1.782692790031433,7.773972034454346,17.34866714477539,1.0081480786604626,0.48345571268653126,0.25,4.0,1.0081480786604626,0.48345571268653126,0.06146460225407594,3.28263486158223e-05,133.31285693194414,9.836003593496374,0.9262186422235507,1.0073562506082896,1.0112003957903064,1.0096631436734587,,,,,,,,,,,,,,,,,,,,,,,,,,,,,,,,,
80,9.86414349539702e-06,9.864143495397019e-05,1.0,10.814185632241738,6.605579015370962,3.5222348651370488,3.5222348651370488,3.5222348651370488,0.0,0.0,0.23011760333099882,1.9818670234164677,0.11989345079338229,1.9650090868408616,2.360989525511458,9.440306740838128,2.0072734355926514,8.47159481048584,18.503664016723633,1.0065043705569268,0.4718771894766029,0.25,3.6283254623413086,1.0065043705569268,0.4718771894766029,0.05292975161396214,0.0,134.07971892485747,8.888089830810959,0.9337104082400999,1.0057889029786393,1.0093228301486454,1.007595368333765,119.25549498757164,198.5243510452326,0.2848478771032451,-37.269586143912846,119.25549315719111,146.46071157070423,183.2626618110951,231.58465252478493,48.923727308000835,70.2001629023589,267.5263691777768,0.43232255944283027,0.6372755469526519,-0.48645807177645556,-0.48645807177645556,0.5831000419212824,0.6501479295049867,0.5495769353213619,0.6918223140114165,0.8641047784151664,0.9598059405007061,0.9884370024493154,0.3641047784151664,0.15980594050070607,0.03843700244931547,0.0029164639856341114,0.0,0.9230769230769231,0.07692307692307693,1.0,3.799420877472385,1.6643441216303752,1.4893861812549634
81,9.860464177621286e-06,9.860464177621284e-05,1.0,10.609949163488439,6.408335092905405,3.513419570149602,3.513419570149602,3.513419570149602,0.0,0.0,0.22808427101856954,1.9981837530393858,0.12060260067920427,1.9535605198628194,2.6009210541441634,9.229931496285104,1.9906805753707886,8.291528701782227,18.004560470581055,1.0080727919320664,0.4847400524014306,0.25,4.0,1.0080727919320664,0.4847400524014306,0.06188587372797899,5.47105810263705e-05,137.20612644504857,10.838987543776229,0.9210021605841539,1.0071270530288283,1.011630631781913,1.0102847846778664,,,,,,,,,,,,,,,,,,,,,,,,,,,,,,,,,
82,9.85673640569663e-06,9.856736405696629e-05,1.0,10.988325273668444,6.778159115765546,3.512923524186418,3.512923524186418,3.512923524186418,0.0,0.0,0.229540186959344,2.0197570517256453,0.1190210792261201,2.0019980217959428,2.406266064257235,9.755532754434121,2.120103359222412,8.809063911437988,18.90550422668457,1.0069145696543607,0.46703027227938837,0.25,4.0,1.0069145696543607,0.46703027227938837,0.053977459240617136,8.206587153955575e-06,138.38957090635557,9.236445652472007,0.933257646569899,1.0061205335565515,1.0099200300268225,1.0086879762443337,,,,,,,,,,,,,,,,,,,,,,,,,,,,,,,,,
83,9.852960216785348e-06,9.852960216785347e-05,1.0,10.422760164415514,6.208761949796934,3.5320198471481734,3.5320198471481734,3.5320198471481734,0.0,0.0,0.22852045821176992,1.9727075776538334,0.11917535235752931,1.945541501045227,2.5527207013723014,9.455526197278822,2.1367313861846924,8.521378517150879,18.252405166625977,1.007738767555655,0.4759576880261269,0.25,4.0,1.007738767555655,0.4759576880261269,0.05772513404092351,5.744611007768903e-05,141.23872540448164,11.763346001908586,0.9167130263444354,1.0069169804856584,1.0107966274828524,1.009815686457866,,,,,,,,,,,,,,,,,,,,,,,,,,,,,,,,,
84,9.84913564853241e-06,9.84913564853241e-05,1.0,10.387244147223395,6.209299164849359,3.4882478842864164,3.4882478842864164,3.4882478842864164,0.0,0.0,0.22879425214754567,2.0053400510066264,0.11893615529343889,1.9574968396006405,2.5560908478659554,10.144105962804845,2.3639917373657227,9.249869346618652,19.316072463989258,1.0067969871092017,0.47227552013161167,0.25,4.0,1.0067969871092017,0.47227552013161167,0.0540759382864646,2.4619761461866725e-05,137.12391229577966,9.57142836338765,0.9301986925318916,1.0059848443881885,1.009875951586543,1.0085879209879283,,,,,,,,,,,,,,,,,,,,,,,,,,,,,,,,,
85,9.845262739065081e-06,9.84526273906508e-05,1.0,11.157194807722762,6.953826337247281,3.507533936887174,3.507533936887174,3.507533936887174,0.0,0.0,0.2300262539773374,2.0241186457711295,0.12097515185942521,1.9721171114895795,2.5332344673775338,10.172814008351919,2.295738697052002,9.231820106506348,19.50562858581543,1.0069164871773282,0.4798842336026517,0.25,4.0,1.0069164871773282,0.4798842336026517,0.054371375424007,2.735529051318525e-05,133.75763413712784,9.417993970819422,0.9295891106958117,1.006132357829326,1.009875075237171,1.0087108386529458,114.44708742414203,192.27693643055758,0.27127241361703863,-41.22896253145658,114.44708740750914,144.65621091781392,184.4277959915462,235.5178707478864,43.11329051426479,67.19170696051546,257.82275390625,0.4238088016249592,0.6632436913095633,-0.5039318536958072,-0.5039318536958072,0.6133436105901514,0.6564992722393186,0.5739896793212311,0.676128623639193,0.8697191323037494,0.9620131101591948,0.9888098641197786,0.3697191323037494,0.16201311015919473,0.0388098641197786,0.003994334216915491,0.0,0.9285714285714286,0.07142857142857142,1.0,3.8142771151039625,1.687542315859061,1.512477049952025
86,9.841341526992536e-06,9.841341526992536e-05,1.0,10.504200239439268,6.326490170246846,3.492081687257097,3.492081687257097,3.492081687257097,0.0,0.0,0.2290215737916328,1.9845701423851219,0.11815337172231159,1.9601310330468256,2.3982354853604293,9.767973281241751,2.191679000854492,8.843542098999023,18.831798553466797,1.0072377885570247,0.4784064242014522,0.25,4.0,1.0072377885570247,0.4784064242014522,0.05700842542947806,2.4619761461866725e-05,142.95010190396695,10.208305378217954,0.9285883308773307,1.0064855652886469,1.0101516794514012,1.0086115340928774,,,,,,,,,,,,,,,,,,,,,,,,,,,,,,,,,
87,9.83737205140549e-06,9.837372051405489e-05,1.0,10.358281135559082,6.197128283010946,3.4793251591759757,3.4793251591759757,3.4793251591759757,0.0,0.0,0.22901338177758293,1.9717528304538212,0.11802628837727211,1.9481592371657088,2.479750684789709,10.029553980440706,2.323934555053711,9.106462478637695,19.203222274780273,1.006688722304324,0.475610980400533,0.25,4.0,1.006688722304324,0.475610980400533,0.05284768574242259,5.47105810263705e-05,133.75049549824482,9.759588479995728,0.927031384492151,1.0059186928981059,1.009592610436517,1.0084578217686833,,,,,,,,,,,,,,,,,,,,,,,,,,,,,,,,,
88,9.833354351875788e-06,9.833354351875788e-05,1.0,10.527792930603027,6.35025759001036,3.4903205214320003,3.4903205214320003,3.4903205214320003,0.0,0.0,0.22876622145240372,1.9867942752064884,0.1165961667492583,1.9768558837272026,2.5405119174235575,9.856821859205091,2.2349061965942383,8.930327415466309,18.90550422668457,1.0072322154918403,0.49559494247509706,0.25,4.0,1.0072322154918403,0.49559494247509706,0.059057336688915635,6.291716818032608e-05,124.32570483233478,8.917952028480736,0.928269443229721,1.0065149842081844,1.0101182106378916,1.0080478867968998,,,,,,,,,,,,,,,,,,,,,,,,,,,,,,,,,
89,9.829288468456028e-06,9.829288468456028e-05,1.0,10.644534136797931,6.470497556634851,3.4856751416180587,3.4856751416180587,3.4856751416180587,0.0,0.0,0.22779126425047178,2.00405630549869,0.1168033909556028,1.955612073073516,2.5312976386096024,10.237325745659906,2.391857624053955,9.358902931213379,19.429584503173828,1.0071728742074386,0.4879480880365925,0.25,4.0,1.0071728742074386,0.4879480880365925,0.057667687930845826,2.18842324105482e-05,138.28610683131862,9.409663355028307,0.9319551069110203,1.006445195223834,1.009938517132321,1.0087459860621273,,,,,,,,,,,,,,,,,,,,,,,,,,,,,,,,,
90,9.825174441679156e-06,9.825174441679157e-05,1.0,10.574346129958695,6.387658003214243,3.4960107416720003,3.4960107416720003,3.4960107416720003,0.0,0.0,0.22960810927120415,1.9944963229669106,0.1150888391845935,1.9984938067358893,2.494384962159234,9.852543366921914,2.170380115509033,8.91290283203125,18.97949981689453,1.0075784599674076,0.4809681801166961,0.25,4.0,1.0075784599674076,0.4809681801166961,0.0583871320713426,2.18842324105482e-05,129.31206656791068,10.310726971239657,0.9202647730803623,1.0068324353243854,1.0104228290351662,1.0091498735788706,123.60517784789369,210.9913935253379,0.2682134006068876,-63.80596003689609,123.60517790149622,152.588296433303,189.97323394813924,238.04798430194398,26.332301003592356,68.28677563334621,293.5396131432575,0.4196026543133262,0.6765254714200274,-0.5139829719345428,-0.5139829719345428,0.6347153587708975,0.655249229749054,0.5835897036570022,0.6760352003125403,0.8705227134900924,0.9598616554629592,0.9870312710940061,0.37052271349009236,0.15986165546295916,0.03703127109400617,0.005787927424833016,0.0,0.9065934065934066,0.09340659340659341,1.0,3.778359612265786,1.6778467633239516,1.5155505668985976
91,9.821012312558059e-06,9.821012312558058e-05,1.0,10.625030981527793,6.4609426549963045,3.484119988776542,3.484119988776542,3.484119988776542,0.0,0.0,0.22818609145847527,1.966491760434331,0.11566926478534131,1.9492274522781372,2.4479259993578935,10.141144417427682,2.2867884635925293,9.159977912902832,19.46756935119629,1.0072946951238393,0.4766932143985213,0.25,4.0,1.0072946951238393,0.4766932143985213,0.05854579275631907,1.09421162052741e-05,128.2353670274889,8.321239297454422,0.9351096387030993,1.006530700503169,1.0102804093747526,1.0085692792325407,,,,,,,,,,,,,,,,,,,,,,,,,,,,,,,,,
92,9.816802122585155e-06,9.816802122585155e-05,1.0,10.48458042660275,6.30664670789564,3.496450681944151,3.496450681944151,3.496450681944151,0.0,0.0,0.23045668046216708,1.9690066994847477,0.11725492855987034,1.9489104457803674,2.371792458199166,10.332888345460635,2.3433053493499756,9.413901329040527,19.774139404296875,1.0070290564441495,0.47941423241612674,0.25,4.0,1.0070290564441495,0.47941423241612674,0.05628351023087865,2.735529051318525e-05,138.19968105006862,10.557372956662565,0.9236078341393732,1.006366752289437,1.0096330449387834,1.0080623433396623,,,,,,,,,,,,,,,,,,,,,,,,,,,,,,,,,
93,9.812543913731985e-06,9.812543913731985e-05,1.0,10.25706146858834,6.097858596492458,3.478876101004111,3.478876101004111,3.478876101004111,0.0,0.0,0.22918097876213692,1.965479860434661,0.11632090585457312,1.9503913022376396,2.492425183992128,10.432344101570749,2.3513283729553223,9.469223976135254,20.007230758666992,1.007821783474377,0.48447398153686183,0.25,4.0,1.007821783474377,0.48447398153686183,0.06056461319619214,8.206587153955575e-06,125.85116185368719,9.376462427345482,0.9254956228513295,1.0071114205025338,1.010525368355416,1.0093401026081394,,,,,,,,,,,,,,,,,,,,,,,,,,,,,,,,,
94,9.808237728448795e-06,9.808237728448795e-05,1.0,10.314753326209816,6.136692072894122,3.493815654032939,3.493815654032939,3.493815654032939,0.0,0.0,0.2296844044247189,1.9801325346972491,0.11493544159708796,1.9631737857251554,2.4984627962112427,10.52413355337607,2.3895230293273926,9.562149047851562,20.08553695678711,1.0075494056652132,0.4804424076726171,0.25,4.0,1.0075494056652132,0.4804424076726171,0.05864153627311522,3.0090819564503775e-05,129.97068436081344,11.676443641250199,0.9101609436106756,1.0069106720589303,1.0100072203455746,1.0087914821263906,,,,,,,,,,,,,,,,,,,,,,,,,,,,,,,,,
95,9.803883609664105e-06,9.803883609664104e-05,1.0,10.700839119988519,6.525452459180677,3.492360946294424,3.492360946294424,3.492360946294424,0.0,0.0,0.22708217719116727,1.9765821630890306,0.11662371416349669,1.9595158970033801,2.5366924936706954,10.42472048063536,2.3559253215789795,9.450746536254883,20.007230758666992,1.007606320583624,0.482596847053917,0.25,4.0,1.007606320583624,0.482596847053917,0.058564941459678305,1.9148703359229675e-05,124.04154638341956,8.299171615291286,0.9330936137345622,1.0069140550252553,1.0102785149136104,1.0089139616167224,117.55633370954912,198.34093227693987,0.27062751221927694,-55.83841095389901,117.55633580640455,147.51513379444782,184.52892567617766,233.18391523810143,38.92298943655832,67.11648441285126,270.97315912661344,0.4082490799473413,0.6822763126076452,-0.5177044499177452,-0.5177044499177452,0.6406957769123524,0.6608032045788698,0.598879915110013,0.6695618431365696,0.8703855689676232,0.9606802368314472,0.9877619942527873,0.3703855689676232,0.16068023683144717,0.03776199425278737,0.0063536485800184716,0.0,0.9120879120879121,0.08791208791208792,1.0,3.9160000511578152,1.6720749464008835,1.4964424384819281
96,9.799481600784286e-06,9.799481600784286e-05,1.0,10.143136462649784,6.005626240292111,3.4588572914535933,3.4588572914535933,3.4588572914535933,0.0,0.0,0.22812613643504479,1.9560251525930457,0.11320568741978826,1.964546822212838,2.5157028146692224,10.54073091455408,2.3284780979156494,9.54349136352539,20.28264617919922,1.0074551494858344,0.4781369028524586,0.25,4.0,1.0074551494858344,0.4781369028524586,0.05751176277492067,2.735529051318525e-06,126.84288870321738,9.333314753867484,0.9264183049654029,1.0067321996431093,1.01018839269071,1.0090842859165088,,,,,,,,,,,,,,,,,,,,,,,,,,,,,,,,,
97,9.795031745693131e-06,9.79503174569313e-05,1.0,10.323536512014028,6.151702184934874,3.492272718532665,3.492272718532665,3.492272718532665,0.0,0.0,0.2297002640930382,1.9628727113878406,0.11404017741615707,1.953498717900869,2.4403280051978857,10.608473288046348,2.3686132431030273,9.562149047851562,20.481689453125,1.0072109827485018,0.483381440887542,0.25,4.0,1.0072109827485018,0.483381440887542,0.05762391946602473,2.735529051318525e-05,127.39235975935652,10.02482787338463,0.9213074638673663,1.0066080383352332,1.009641035183056,1.0078787255931545,,,,,,,,,,,,,,,,,,,,,,,,,,,,,,,,,
98,9.790534088751413e-06,9.790534088751413e-05,1.0,10.585861876204207,6.405744346412453,3.497551763379896,3.497551763379896,3.497551763379896,0.0,0.0,0.228421207618069,1.9808492757178642,0.11645164320597777,1.9435506479160205,2.58104893967912,10.57304792146425,2.2723186016082764,9.487736701965332,20.521730422973633,1.007257937892761,0.49216111771310606,0.25,4.0,1.007257937892761,0.49216111771310606,0.058313272786957,8.206587153955575e-06,122.42910127382021,9.112746966851724,0.9255671497051139,1.006638620350812,1.009668221344819,1.0083378198984507,,,,,,,,,,,,,,,,,,,,,,,,,,,,,,,,,
99,9.785988674796439e-06,9.785988674796439e-05,1.0,10.265352661545212,6.109711170196533,3.4779712573902026,3.4779712573902026,3.4779712573902026,0.0,0.0,0.2271133536422575,1.9630588840793919,0.11524392040194692,1.9370702891736418,2.5475061004226274,10.771106565320814,2.326091670989992,9.693778991699219,20.92648696899414,1.0071503611450474,0.481919534064205,0.25,4.0,1.0071503611450474,0.481919534064205,0.055274100010942115,4.923952292373345e-05,135.13520029428844,10.138540545025387,0.9249748361422756,1.0064914387625616,1.009701496845967,1.0083600186012887,,,,,,,,,,,,,,,,,,,,,,,,,,,,,,,,,
100,9.781395549141613e-06,9.781395549141612e-05,1.0,10.019500216922244,5.85352813875353,3.492766895809689,3.492766895809689,3.492766895809689,0.0,0.0,0.22737438332390142,1.9426096033405613,0.11377224406680546,1.9370810663377918,2.4640574841885954,10.874106664915342,2.4641711711883545,9.788908958435059,20.967397689819336,1.007289461249618,0.48251296740523625,0.25,4.0,1.007289461249618,0.48251296740523625,0.05915855126381442,5.47105810263705e-06,135.1858881357554,10.73549621814006,0.9205871532436926,1.0066056412619513,1.0099407917744405,1.0085269857097316,128.7882377079555,218.1787879709454,0.27875841410030955,-53.019465959989105,128.78823857753133,162.20007913434142,201.4060426989952,251.80801969076145,21.147435324532644,74.68338817034581,296.8971769913383,0.43359606571588655,0.6949188083547146,-0.5319513033638413,-0.5319513033638413,0.6612325020139126,0.6676990661457093,0.6158583559801061,0.6809835912466312,0.866241232929257,0.9564330424012292,0.9852569638345609,0.36624123292925703,0.15643304240122913,0.035256963834560895,0.008080812409864977,0.0,0.9010989010989011,0.0989010989010989,1.0,3.915001927496313,1.7697446267683428,1.5960598571614906
101,9.776754757575975e-06,9.776754757575975e-05,1.0,10.091330115859574,5.940109910191716,3.476180940061002,3.476180940061002,3.476180940061002,0.0,0.0,0.2267656716946009,1.9568227239557214,0.11487696058041341,1.9252030720581879,2.5203128537616215,11.481822297379777,2.7156283855438232,10.50196647644043,21.675268173217773,1.0071440498274387,0.4800930636350866,0.25,4.0,1.0071440498274387,0.4800930636350866,0.057922092132618445,2.735529051318525e-06,128.50322579048776,9.245539252822464,0.9280520843274671,1.0065510369635917,1.009477483259665,1.008060806506389,,,,,,,,,,,,,,,,,,,,,,,,,,,,,,,,,
102,9.772066346363749e-06,9.772066346363748e-05,1.0,10.280642896085173,6.102654328217378,3.5006291737427584,3.5006291737427584,3.5006291737427584,0.0,0.0,0.22784567282006546,1.956828214026786,0.11418656843739587,1.9477634365494187,2.5068151016493103,11.462897764669883,2.7342560291290283,10.461023330688477,21.71764373779297,1.0069835365253101,0.474432469329525,0.25,4.0,1.0069835365253101,0.474432469329525,0.05592789145420724,2.18842324105482e-05,123.54615391911688,10.143056379782188,0.917900670656064,1.0063434710373749,1.0095017504047703,1.0079744732057727,,,,,,,,,,,,,,,,,,,,,,,,,,,,,,,,,
103,9.767330362243883e-06,9.767330362243882e-05,1.0,10.313752045502534,6.1637692966976685,3.4788559385248132,3.4788559385248132,3.4788559385248132,0.0,0.0,0.22726941672531334,1.9396695607417338,0.11396776522333557,1.921851551210558,2.5106832336735083,11.748375170939678,2.7369275093078613,10.688203811645508,22.319677352905273,1.0068039761811562,0.47237011910367915,0.25,3.799346446990967,1.0068039761811562,0.47237011910367915,0.05530419083050662,0.0,125.15614875587258,8.401532946406183,0.9328715925671853,1.006168185053645,1.0093245248536806,1.0077004658209312,,,,,,,,,,,,,,,,,,,,,,,,,,,,,,,,,
104,9.762546852429578e-06,9.762546852429578e-05,1.0,10.021066485224543,5.888856436755206,3.45945160453384,3.45945160453384,3.45945160453384,0.0,0.0,0.22818101016250816,1.945029700124586,0.11347810642139332,1.9266374852206256,2.4651197452802918,11.888615943290091,2.8431763648986816,10.941666603088379,22.363313674926758,1.0067815925323906,0.47213431431430236,0.25,4.0,1.0067815925323906,0.47213431431430236,0.05446985446985447,1.3677645256592625e-05,136.60102369978623,9.89022766577231,0.9275977046298827,1.0061694931339573,1.009165403005239,1.0078413647574347,,,,,,,,,,,,,,,,,,,,,,,,,,,,,,,,,
105,9.757715864607821e-06,9.757715864607821e-05,1.0,9.814123462986302,5.663065085539946,3.4910293140926876,3.4910293140926876,3.4910293140926876,0.0,0.0,0.22713164300531954,1.9049472969931525,0.11355220244542973,1.8819103337622978,2.4494344286016516,12.049046825718236,2.85988450050354,11.092287063598633,22.62692642211914,1.0062452396256245,0.47834219276078277,0.25,4.0,1.0062452396256245,0.47834219276078277,0.05200240726556516,8.206587153955575e-06,121.90567532101193,8.37742414989987,0.9312794574342848,1.0057389607300629,1.0082549533328495,1.0069472918639313,122.22751370105115,198.00875380531866,0.28989000603065007,4.381609109731821,122.22751292793639,151.30184693273358,189.80149250804752,240.54274955936773,30.49858856201172,81.57763423476108,250.1826642907184,0.45116332116821917,0.7022224782852317,-0.5511898414175109,-0.5511898414175109,0.6617572810190177,0.701064462010435,0.6609157010063392,0.6610536309692304,0.8671733871054148,0.9625831170807074,0.9902113097087607,0.3671733871054148,0.16258311708070738,0.040211309708760745,0.006724367367318032,0.0,0.9395604395604396,0.06043956043956044,1.0,4.281558984583551,1.7508001447051436,1.5399319629420292
106,9.752837446938915e-06,9.752837446938915e-05,1.0,10.174321355046454,6.029616574983339,3.466173204215797,3.466173204215797,3.466173204215797,0.0,0.0,0.22817370899625727,1.9587456406773747,0.11392931559601345,1.955601295909366,2.4924280740119316,11.985004321948901,2.80730938911438,11.005966186523438,22.62692642211914,1.0067215164594856,0.48305729648343976,0.25,4.0,1.0067215164594856,0.48305729648343976,0.0548883904147062,8.206587153955575e-06,137.203112421809,11.543684295705846,0.9158642680042371,1.0061748414426237,1.0089473917677596,1.0072233354723132,,,,,,,,,,,,,,,,,,,,,,,,,,,,,,,,,
107,9.747911648055984e-06,9.747911648055982e-05,1.0,10.488686948209196,6.358839627858755,3.450891604294648,3.450891604294648,3.450891604294648,0.0,0.0,0.22820571669050166,1.9679739475250244,0.11608509920738838,1.9348407629373912,2.4765603606765336,12.015676627287993,2.8293275833129883,11.027483940124512,22.671161651611328,1.0063738887071192,0.4796434054688703,0.25,4.0,1.0063738887071192,0.4796434054688703,0.05294342925921873,3.28263486158223e-05,132.6822738647461,9.307586350956479,0.9298505664709631,1.0058336000184755,1.008540620674958,1.0070219104354445,,,,,,,,,,,,,,,,,,,,,,,,,,,,,,,,,
108,9.7429385170645e-06,9.742938517064499e-05,1.0,10.000455186173722,5.859266899727486,3.4672522480423384,3.4672522480423384,3.4672522480423384,0.0,0.0,0.2285266832725422,1.9437387182905868,0.1124440862520321,1.9432337896243945,2.478309979309907,11.77731872249294,2.7315871715545654,10.814192771911621,22.189281463623047,1.0070286772973995,0.47828988801183786,0.25,4.0,1.0070286772973995,0.47828988801183786,0.056669219827114564,6.291716818032608e-05,133.62129458865604,10.025114806922707,0.9249736740106858,1.0064738537814166,1.0091793053858988,1.008035985199181,,,,,,,,,,,,,,,,,,,,,,,,,,,,,,,,,
109,9.737918103541795e-06,9.737918103541794e-05,1.0,10.27076834601325,6.129933279913825,3.4584000497250944,3.4584000497250944,3.4584000497250944,0.0,0.0,0.22603584221891454,1.9852263669709902,0.11332953016500215,1.9488197758391097,2.5613280212556995,11.96198048462739,2.8182971477508545,11.005966186523438,22.494735717773438,1.006690945455097,0.48000611651947755,0.25,4.0,1.006690945455097,0.48000611651947755,0.05461757303862567,4.650399387241493e-05,135.53328663594013,10.142443566708952,0.9251664014172927,1.0061432252059113,1.0088367881001652,1.0075806153787148,,,,,,,,,,,,,,,,,,,,,,,,,,,,,,,,,
110,9.732850457536555e-06,9.732850457536555e-05,1.0,9.6953763961792,5.5523069613688705,3.480435294073981,3.480435294073981,3.480435294073981,0.0,0.0,0.2275485424576579,1.9119545221328735,0.1131485771085765,1.894114104477135,2.5355015445399927,12.064646901311102,2.904921293258667,11.179285049438477,22.40703582763672,1.0065204139959891,0.4815475290603755,0.25,4.0,1.0065204139959891,0.4815475290603755,0.05376408797461429,3.0090819564503775e-05,131.84453727103568,9.902722590678447,0.9248909147421011,1.0059901379250191,1.0086212190421853,1.0072748467728898,114.36060316484053,185.06254650717398,0.28523166874573036,11.973007453666938,114.36059918000187,142.25056822602622,181.24703855918068,232.66597970823975,49.09947749546596,76.51063023057095,230.4361333432405,0.4388402833391584,0.7087822975168349,-0.5564922145760823,-0.5564922145760823,0.6671947217873981,0.7088726700372173,0.670166271189789,0.6546280042235261,0.8670662429472358,0.9640317060992883,0.9912570366925884,0.3670662429472358,0.1640317060992883,0.0412570366925884,0.007206516079123818,0.0,0.9395604395604396,0.06043956043956044,1.0,4.329540783232385,1.7132027658459905,1.4988359876058914
111,9.727735629568335e-06,9.727735629568336e-05,1.0,10.316445041347194,6.205902396021663,3.437951816094888,3.437951816094888,3.437951816094888,0.0,0.0,0.22704831772559397,1.942062510026468,0.1130475915364317,1.935019705746625,2.4036569820868,12.720698073103621,3.1409685611724854,11.85389232635498,23.436552047729492,1.0062683601358329,0.4741375518589828,0.25,4.0,1.0062683601358329,0.4741375518589828,0.05258781048254733,2.735529051318525e-05,141.70587364402977,10.113373588871312,0.9286312322220568,1.0057982431875694,1.0081506097638928,1.0068465181299158,,,,,,,,,,,,,,,,,,,,,,,,,,,,,,,,,
112,9.722573670627047e-06,9.722573670627047e-05,1.0,10.216941807721112,6.120299429506869,3.417940275089161,3.417940275089161,3.417940275089161,0.0,0.0,0.2263891185457642,1.9680840775773332,0.11285113543272018,1.946326648866808,2.552034378051758,12.422062719190443,3.026545524597168,11.511648178100586,23.028181076049805,1.00721317040601,0.4869875747974094,0.25,4.0,1.00721317040601,0.4869875747974094,0.05891235364919575,3.28263486158223e-05,133.42011776485958,10.32803302197843,0.9225901371172478,1.0067124076791711,1.0092469904873822,1.0076964868081582,,,,,,,,,,,,,,,,,,,,,,,,,,,,,,,,,
113,9.71736463217245e-06,9.717364632172449e-05,1.0,10.029029124491924,5.906511706274909,3.4583903196695687,3.4583903196695687,3.4583903196695687,0.0,0.0,0.22605594630176956,1.9130013311231457,0.11288377884271983,1.9114786418708596,2.525262661882349,12.349721857019373,2.907759189605713,11.377533912658691,23.07320213317871,1.007127603308705,0.48262527726174764,0.25,4.0,1.007127603308705,0.48262527726174764,0.05767042345989715,3.28263486158223e-05,122.69091673155089,8.428578679626053,0.9313023416552679,1.006651904131915,1.0090638817967594,1.007567347706975,,,,,,,,,,,,,,,,,,,,,,,,,,,,,,,,,
114,9.712108566133644e-06,9.712108566133644e-05,1.0,10.566654566172007,6.445617727331213,3.4412986652271167,3.4412986652271167,3.4412986652271167,0.0,0.0,0.22799164580332265,1.9711804905453243,0.11464308927188048,1.941112453873093,2.4894003996977934,12.944333282676903,3.1594269275665283,12.13499927520752,23.80562400817871,1.0068455002811456,0.4725516095989151,0.25,4.0,1.0068455002811456,0.4725516095989151,0.054776233723602144,3.829740671845935e-05,144.24029293575802,10.042707546337232,0.9303751584114568,1.0063400300773415,1.0087320192440137,1.0080973650958087,,,,,,,,,,,,,,,,,,,,,,,,,,,,,,,,,
115,9.706805524908549e-06,9.706805524908548e-05,1.0,10.24117562577531,6.10763676102097,3.4624987228496655,3.4624987228496655,3.4624987228496655,0.0,0.0,0.22793966410933314,1.9392597385354944,0.11373138971425392,1.9208391324893848,2.380465214316909,12.899906983246675,3.190431594848633,12.064103126525879,23.712814331054688,1.0062592509543333,0.4792767894442475,0.25,4.0,1.0062592509543333,0.4792767894442475,0.05298446219498851,7.933034248823722e-05,131.7157578339448,9.123711908185804,0.9307318117571919,1.0058455853848844,1.0080261294906203,1.0062602081814327,117.79504270867987,196.19873308633606,0.27421958399858115,3.747925538283128,117.79504290804918,148.35019816744477,186.4845487908414,238.73618334192685,33.396145411900115,74.95386579055194,250.77991452424422,0.4728448699203638,0.7123066762191728,-0.555984953765952,-0.555984953765952,0.6738066161024442,0.6983147729142838,0.6585608516124103,0.6536353021198406,0.8676191068034398,0.9627331189021581,0.9905198848843164,0.3676191068034398,0.16273311890215802,0.04051988488431646,0.007660807309803047,0.0,0.945054945054945,0.054945054945054944,1.0,4.332391408773569,1.7312213640946608,1.5205490381180584
116,9.701455561363378e-06,9.701455561363379e-05,1.0,9.954424239493704,5.82845418517654,3.4580533504486084,3.4580533504486084,3.4580533504486084,0.0,0.0,0.22758333586357735,1.9357586809106775,0.11434040883102932,1.8956699210244257,2.4762242516955815,13.162420324377111,3.3272576332092285,12.39853286743164,23.992334365844727,1.006458642888606,0.4789372273173601,0.25,4.0,1.006458642888606,0.4789372273173601,0.05317321369952949,2.4619761461866725e-05,146.49817595610747,10.822990030855745,0.9261220151020962,1.006000873204824,1.0082904583698995,1.0070265273790102,,,,,,,,,,,,,,,,,,,,,,,,,,,,,,,,,
117,9.69605872883212e-06,9.69605872883212e-05,1.0,9.905819789783374,5.780295036934517,3.450611907082635,3.450611907082635,3.450611907082635,0.0,0.0,0.2277938522197105,1.9541398190163277,0.1126755159851667,1.9333376111211003,2.4758664401801855,13.208034412280933,3.3175241947174072,12.49577522277832,23.945520401000977,1.0062471564896245,0.4801736408509942,0.25,4.0,1.0062471564896245,0.4801736408509942,0.05315680052522158,3.829740671845935e-05,147.17269464441247,10.877793376510208,0.9260882366610715,1.0058275074572176,1.0079887203268103,1.0064816410477098,,,,,,,,,,,,,,,,,,,,,,,,,,,,,,,,,
118,9.690615081116e-06,9.690615081115998e-05,1.0,9.927750999863083,5.802009260332262,3.4584737146222913,3.4584737146222913,3.4584737146222913,0.0,0.0,0.22707394933378375,1.926469316353669,0.11225576537686426,1.9152905457728617,2.530525426606874,13.052988748292666,3.1594269275665283,12.278042793273926,23.8987979888916,1.0062643030030824,0.4869541907891182,0.25,4.0,1.0062643030030824,0.4869541907891182,0.05379964985228143,0.00012856986541197066,132.00101223507443,9.768868439906353,0.9259939884210173,1.0058245191702972,1.0080857276916504,1.0065266506091968,,,,,,,,,,,,,,,,,,,,,,,,,,,,,,,,,
119,9.685124672482942e-06,9.685124672482941e-05,1.0,9.884329976262274,5.772731665018442,3.4468310716989876,3.4468310716989876,3.4468310716989876,0.0,0.0,0.22640189045184367,1.9133220524401278,0.11205273262552314,1.9188651651949495,2.4848788396732227,12.827430158048063,3.002992868423462,12.017069816589355,23.666545867919922,1.0069933214950142,0.485914168977143,0.25,4.0,1.0069933214950142,0.485914168977143,0.05711237553342816,9.300798774482986e-05,136.10300507416596,9.62783202287313,0.9292606947390567,1.0065046129999935,1.0088964152980495,1.0078403595331553,,,,,,,,,,,,,,,,,,,,,,,,,,,,,,,,,
